1, INSERT, 6284781860667377211
2, INSERT, 8517097267634966620
3, INSERT, 1820151046732198393
4, INSERT, 4052466453699787802
5, INSERT, 3232700585171816769
6, INSERT, 1000385178204227360
7, INSERT, 7697331399106995587
8, INSERT, 5465015992139406178
9, INSERT, 6873002678636213555
10, INSERT, 9105318085603802964
11, INSERT, 2408371864701034737
12, INSERT, 4640687271668624146
13, INSERT, 2644479767202980425
14, INSERT, 412164360235391016
15, INSERT, 7109110581138159243
16, INSERT, 4876795174170569834
17, INSERT, 7461223496605049899
18, INSERT, 8753205170136912308
19, INSERT, 2996592682669871081
20, INSERT, 5228908089637460490
21, INSERT, 2056258949234144081
22, INSERT, 176056457733445328
23, INSERT, 6520889763169322899
24, INSERT, 4288574356201733490
25, INSERT, 8049444314573886243
26, INSERT, 8164984352168075964
27, INSERT, 3584813500638707425
28, INSERT, 5817128907606296834
29, INSERT, 1468038131265307737
30, INSERT, 764277275702281672
31, INSERT, 5932668945200486555
32, INSERT, 3700353538232897146
33, INSERT, 3931898588792031835
34, INSERT, 6164213995759621244
35, INSERT, 532732225143146983
36, INSERT, 1699583181824442426
37, INSERT, 5585583857047162145
38, INSERT, 3353268450079572736
39, INSERT, 8396529402727210653
40, INSERT, 7817899264014751554
41, INSERT, 4520119406760868179
42, INSERT, 6752434813728457588
43, INSERT, 55488592825689361
44, INSERT, 2287803999793278770
45, INSERT, 4997363039078325801
46, INSERT, 2765047632110736392
47, INSERT, 8984750220696046997
48, INSERT, 7229678446045915210
49, INSERT, 5108340224729704523
50, INSERT, 7340655631697293932
51, INSERT, 643709410794525705
52, INSERT, 2876024817762115114
53, INSERT, 4409142221109489457
54, INSERT, 2176826814141900048
55, INSERT, 8873773035044668275
56, INSERT, 6641457628077078866
57, INSERT, 5696561042698540867
58, INSERT, 7928876449666130276
59, INSERT, 1231930228763362049
60, INSERT, 3464245635730951458
61, INSERT, 3820921403140653113
62, INSERT, 1588605996173063704
63, INSERT, 8285552217075831931
64, INSERT, 6053236810108242522
65, INSERT, 7456195669291483653
66, INSERT, 5223880262323894244
67, INSERT, 6525917590482889145
68, INSERT, 8758232997450478554
69, INSERT, 1473065958578873983
70, INSERT, 3705381365546463392
71, INSERT, 2991564855356304835
72, INSERT, 759249448388715426
73, INSERT, 6867974851322647309
74, INSERT, 4635659444355057900
75, INSERT, 7114138408451725489
76, INSERT, 9100290258290236718
77, INSERT, 2061286776547710327
78, INSERT, 4293602183515299736
79, INSERT, 2403344037387468491
80, INSERT, 171028630419879082
81, INSERT, 6279754033353810965
82, INSERT, 4047438626386221556
83, INSERT, 7702359226420561833
84, INSERT, 8512069440321400374
85, INSERT, 2649507594516546671
86, INSERT, 4881823001484136080
87, INSERT, 1815123219418632147
88, INSERT, 417192187548957262
89, INSERT, 5691533215384974621
90, INSERT, 3459217808417385212
91, INSERT, 8290580044389398177
92, INSERT, 7923848622352564030
93, INSERT, 3237728412485383015
94, INSERT, 5470043819452972424
95, INSERT, 1226902401449795803
96, INSERT, 1005413005517793606
97, INSERT, 8637665132542722587
98, INSERT, 7576763534199239620
99, INSERT, 4173034318607543769
100, INSERT, 6405349725575133178
101, INSERT, 879817313296471393
102, INSERT, 1352498093671118016
103, INSERT, 5344448127231650211
104, INSERT, 3112132720264060802
105, INSERT, 9220858123197992685
106, INSERT, 6988542716230403276
107, INSERT, 4761255136576380113
108, INSERT, 6993570543543969522
109, INSERT, 291596495327635049
110, INSERT, 1940718911639954360
111, INSERT, 4756227309262813867
112, INSERT, 2523911902295224458
113, INSERT, 8632637305229156341
114, INSERT, 6400321898261566932
115, INSERT, 5349475954545216457
116, INSERT, 7581791361512805866
117, INSERT, 296624322641201295
118, INSERT, 2528939729608790704
119, INSERT, 4168006491293977523
120, INSERT, 1935691084326388114
121, INSERT, 8044416487260319997
122, INSERT, 5812101080292730588
123, INSERT, 5937696772514052801
124, INSERT, 8170012179481642210
125, INSERT, 884845140610037639
126, INSERT, 3117160547577627048
127, INSERT, 3579785673325141179
128, INSERT, 1347470266357551770
129, INSERT, 2750429125540792901
130, INSERT, 518113718573203492
131, INSERT, 7215059939475971719
132, INSERT, 4982744532508382310
133, INSERT, 6178832502329564735
134, INSERT, 8411147909297154144
135, INSERT, 1714201688394385917
136, INSERT, 3946517095361975326
137, INSERT, 2162208307571956557
138, INSERT, 70107099395632852
139, INSERT, 6626839121507135375
140, INSERT, 4394523714539545966
141, INSERT, 6767053320298401079
142, INSERT, 8999368727265990488
143, INSERT, 2302422506363222261
144, INSERT, 4534737913330811670
145, INSERT, 1573987489603120213
146, INSERT, 658327917364469196
147, INSERT, 6038618303538299031
148, INSERT, 3806302896570709622
149, INSERT, 7355274138267237423
150, INSERT, 8859154528474724784
151, INSERT, 2890643324332058605
152, INSERT, 5122958731299648014
153, INSERT, 985766671634283869
154, INSERT, 1246548735333305540
155, INSERT, 5450397485569462687
156, INSERT, 3218082078601873278
157, INSERT, 7943494956236073767
158, INSERT, 8270933710505888440
159, INSERT, 3478864142300894949
160, INSERT, 5711179549268484358
161, INSERT, 5103312397416138277
162, INSERT, 2870996990448548868
163, INSERT, 8878800862358234521
164, INSERT, 7335627804383727686
165, INSERT, 3825949230454219359
166, INSERT, 6058264637421808768
167, INSERT, 638681583480959459
168, INSERT, 1593633823486629950
169, INSERT, 4515091579447301933
170, INSERT, 2282776172479712524
171, INSERT, 8979722393382480751
172, INSERT, 6747406986414891342
173, INSERT, 4414170048423055703
174, INSERT, 6646485455390645112
175, INSERT, 50460765512123115
176, INSERT, 2181854641455466294
177, INSERT, 3926870761478465589
178, INSERT, 1694555354510876180
179, INSERT, 8391501575413644407
180, INSERT, 6159186168446054998
181, INSERT, 5002390866391892047
182, INSERT, 7234706273359481456
183, INSERT, 537760052456713229
184, INSERT, 2770075459424302638
185, INSERT, 3338649943509629245
186, INSERT, 1106334536542039836
187, INSERT, 7803280757444808063
188, INSERT, 5570965350477218654
189, INSERT, 5590611684360728391
190, INSERT, 7822927091328317800
191, INSERT, 1125980870425549573
192, INSERT, 3358296277393138982
193, INSERT, 1955337418209897851
194, INSERT, 4187652825177487260
195, INSERT, 2509293395725280967
196, INSERT, 276977988757691558
197, INSERT, 7562145027629296129
198, INSERT, 5329829620661706720
199, INSERT, 6419968232145076669
200, INSERT, 8652283639112666078
201, INSERT, 2543558236178734195
202, INSERT, 4775873643146323604
203, INSERT, 1921072577756444623
204, INSERT, 311242829211144786
205, INSERT, 6973924209660459785
206, INSERT, 4741608802692870376
207, INSERT, 7008189050113913013
208, INSERT, 9206239616628049194
209, INSERT, 3131779054147570539
210, INSERT, 5364094461115159948
211, INSERT, 1332851759787608279
212, INSERT, 899463647179981130
213, INSERT, 6385703391691623441
214, INSERT, 4153387984724034032
215, INSERT, 7596409868082749357
216, INSERT, 8618018798659212850
217, INSERT, 3719999872116406883
218, INSERT, 5952315279083996292
219, INSERT, 744630941818771935
220, INSERT, 1487684465148817474
221, INSERT, 5797482573722787097
222, INSERT, 3565167166755197688
223, INSERT, 8184630686051585701
224, INSERT, 8029797980690376506
225, INSERT, 397545853665447525
226, INSERT, 1834769553302141884
227, INSERT, 4862176667600626343
228, INSERT, 2629861260633036934
229, INSERT, 8531715774204910111
230, INSERT, 7682712892537052096
231, INSERT, 4067084960269731293
232, INSERT, 6299400367237320702
233, INSERT, 190674964303388819
234, INSERT, 2422990371270978228
235, INSERT, 4273955849631789999
236, INSERT, 2041640442664200590
237, INSERT, 9119936592173746455
238, INSERT, 7094492074568215752
239, INSERT, 4655305778238567637
240, INSERT, 6887621185206157046
241, INSERT, 778895782272225163
242, INSERT, 3011211189239814572
243, INSERT, 3685735031662953655
244, INSERT, 1453419624695364246
245, INSERT, 8738586663566968817
246, INSERT, 6506271256599379408
247, INSERT, 5243526596207403981
248, INSERT, 7475842003174993390
249, INSERT, 1367116600241061507
250, INSERT, 3599432007208650916
251, INSERT, 3097514213694117311
252, INSERT, 865198806726527902
253, INSERT, 8150365845598132473
254, INSERT, 5918050438630543064
255, INSERT, 5831747414176240325
256, INSERT, 8064062821143829734
257, INSERT, 2056600594528442646
258, INSERT, 5701465539935650431
259, INSERT, 2408030219406736172
260, INSERT, 8280647719838722367
261, INSERT, 7460881851310751334
262, INSERT, 3227796087934707205
263, INSERT, 6521231408463621464
264, INSERT, 1236834726000471613
265, INSERT, 2644821412497278990
266, INSERT, 5113244721966814087
267, INSERT, 1819809401437899828
268, INSERT, 8868868537807558711
269, INSERT, 6872661033341914990
270, INSERT, 3816016905903543549
271, INSERT, 7109452226432457808
272, INSERT, 648613908031635269
273, INSERT, 3233042230466115334
274, INSERT, 4525023903997977743
275, INSERT, 1231588583469063484
276, INSERT, 8989654717933156561
277, INSERT, 6284440215373078646
278, INSERT, 4404237723872379893
279, INSERT, 7697673044401294152
280, INSERT, 60393090062798925
281, INSERT, 3821263048434951678
282, INSERT, 3936803086029141399
283, INSERT, 643367765500227140
284, INSERT, 8401433899964320217
285, INSERT, 5696219397404242302
286, INSERT, 4992458541841216237
287, INSERT, 8285893862370130496
288, INSERT, 527827727906037419
289, INSERT, 296282677346902730
290, INSERT, 8054348811810995807
291, INSERT, 4760913491282081548
292, INSERT, 5927764447963376991
293, INSERT, 8632978950523454906
294, INSERT, 874912816059361829
295, INSERT, 4168348136588276088
296, INSERT, 3589717997875816989
297, INSERT, 291938140621933614
298, INSERT, 7466127993842159463
299, INSERT, 4172692673313245204
300, INSERT, 6515985265932213335
301, INSERT, 9221199768492291250
302, INSERT, 1463133634028198173
303, INSERT, 4756568954557112432
304, INSERT, 3001497179906980645
305, INSERT, 880158958590769958
306, INSERT, 6877907175873323119
307, INSERT, 3584471855344408860
308, INSERT, 7104206083901049679
309, INSERT, 8637323487248424022
310, INSERT, 2051354451997034517
311, INSERT, 5344789772525948776
312, INSERT, 2413276361938144301
313, INSERT, 1468379776559606302
314, INSERT, 6289686357904486775
315, INSERT, 2996251037375572516
316, INSERT, 7692426901869886023
317, INSERT, 8049102669279587678
318, INSERT, 2639575269965870861
319, INSERT, 5933010590494785120
320, INSERT, 1825055543969307957
321, INSERT, 6762367138279133398
322, INSERT, 995698996184959679
323, INSERT, 2297736324343954580
324, INSERT, 5460329810120138497
325, INSERT, 2755115307560060582
326, INSERT, 7933562631685397957
327, INSERT, 7219746121495239400
328, INSERT, 3468931817750219139
329, INSERT, 7350587956247969742
330, INSERT, 407478178216123335
331, INSERT, 2885957142312790924
332, INSERT, 4872108992151302153
333, INSERT, 2166894489591224238
334, INSERT, 8521783449654234301
335, INSERT, 6631525303526403056
336, INSERT, 4057152635719055483
337, INSERT, 7938808774216806086
338, INSERT, 180742639752713009
339, INSERT, 3474177960281627268
340, INSERT, 4283888174182465809
341, INSERT, 1578673671622387894
342, INSERT, 9110004267623070645
343, INSERT, 6043304485557566712
344, INSERT, 4645373453687891827
345, INSERT, 8527029592185642430
346, INSERT, 768963457721549353
347, INSERT, 4062398778250463612
348, INSERT, 3695667356213629465
349, INSERT, 990452853653551550
350, INSERT, 8748518988117644627
351, INSERT, 5455083667588730368
352, INSERT, 5233594271656728171
353, INSERT, 4409483866403788022
354, INSERT, 3348582268060305055
355, INSERT, 55146947531390796
356, INSERT, 7813213081995483873
357, INSERT, 5107998579435405958
358, INSERT, 5580679359810052581
359, INSERT, 8874114680338966840
360, INSERT, 1116048545874873763
361, INSERT, 4997704684372624366
362, INSERT, 2760361450091468711
363, INSERT, 533073870437445548
364, INSERT, 7224992264026647529
365, INSERT, 4519777761466569614
366, INSERT, 6168900177778888925
367, INSERT, 8984408575401748432
368, INSERT, 1704269363843710107
369, INSERT, 5585925502341460710
370, INSERT, 2172140632122632367
371, INSERT, 1121294688406281892
372, INSERT, 6636771446057811185
373, INSERT, 3931556943497733270
374, INSERT, 6757120995747725269
375, INSERT, 8396187757432912088
376, INSERT, 2292490181812546451
377, INSERT, 6174146320310297054
378, INSERT, 1583919814153796023
379, INSERT, 1709515506375118236
380, INSERT, 6048550628088974841
381, INSERT, 3343336125528896926
382, INSERT, 7345341813716561613
383, INSERT, 7807966939464075744
384, INSERT, 2880710999781382795
385, INSERT, 6978610391679727466
386, INSERT, 3710067547565731073
387, INSERT, 7003502868094645332
388, INSERT, 754563266369447745
389, INSERT, 1950651236190630170
390, INSERT, 5807414898273462907
391, INSERT, 2513979577744548648
392, INSERT, 8174698361500909891
393, INSERT, 6390389573710891122
394, INSERT, 4298288365534567417
395, INSERT, 7591723686063481676
396, INSERT, 166342448400611401
397, INSERT, 2538872054159466514
398, INSERT, 5219194080304626563
399, INSERT, 1925758759775712304
400, INSERT, 8762919179469746235
401, INSERT, 5802168755742054778
402, INSERT, 4886509183503403761
403, INSERT, 8179944504032318020
404, INSERT, 421878369568224943
405, INSERT, 3127092872128302858
406, INSERT, 4630973262335790219
407, INSERT, 1337537941806875960
408, INSERT, 9095604076270969037
409, INSERT, 5213947937773218434
410, INSERT, 5474730001472240105
411, INSERT, 8768165322001154364
412, INSERT, 1010099187537061287
413, INSERT, 3715313690097139202
414, INSERT, 4042752444366953875
415, INSERT, 749317123838039616
416, INSERT, 8507383258302132693
417, INSERT, 9115250410154478774
418, INSERT, 1357184275690385697
419, INSERT, 4650619596219299956
420, INSERT, 3107446538244793121
421, INSERT, 402232035684715206
422, INSERT, 8160298170148808283
423, INSERT, 4866862849619894024
424, INSERT, 5821815089625564515
425, INSERT, 8743272845586236498
426, INSERT, 1945405093659222041
427, INSERT, 5238840414188136300
428, INSERT, 2519225720275956777
429, INSERT, 185988782284121138
430, INSERT, 7572077352179971939
431, INSERT, 4278642031651057680
432, INSERT, 6410035907594400859
433, INSERT, 8155052027617400154
434, INSERT, 2533625911628058385
435, INSERT, 5827061232156972644
436, INSERT, 1931004902307120433
437, INSERT, 774209600252957482
438, INSERT, 6983856534211135595
439, INSERT, 3690421213682221336
440, INSERT, 6998256725563237203
441, INSERT, 7566831209648563810
442, INSERT, 3121846729596894729
443, INSERT, 6415282050125808988
444, INSERT, 1342784084338284089
445, INSERT, 1362430418221793826
446, INSERT, 6395635716242299251
447, INSERT, 3102200395713384992
448, INSERT, 7586477543532073547
449, INSERT, 2272843847929036714
450, INSERT, 8415834091316421825
451, INSERT, 6737474661864215532
452, INSERT, 3951203277381243007
453, INSERT, 6656417779941320922
454, INSERT, 1101648354522772155
455, INSERT, 2191786966006142104
456, INSERT, 5566279168457950973
457, INSERT, 1684623029960200370
458, INSERT, 9004054909285258169
459, INSERT, 6149253843895379188
460, INSERT, 4539424095350079351
461, INSERT, 7244638597910157266
462, INSERT, 513427536553935811
463, INSERT, 2780007783974978448
464, INSERT, 4978058350489114629
465, INSERT, 1096402211991364026
466, INSERT, 8854468346455457103
467, INSERT, 5561033025926542844
468, INSERT, 5127644913318915695
469, INSERT, 7832859415878993610
470, INSERT, 74793281414900533
471, INSERT, 3368228601943814792
472, INSERT, 4389837532520278285
473, INSERT, 508181394022527682
474, INSERT, 8266247528486620759
475, INSERT, 4972812207957706500
476, INSERT, 5715865731287752039
477, INSERT, 8421080233847829954
478, INSERT, 663014099383736877
479, INSERT, 3956449419912651136
480, INSERT, 3801616714551441941
481, INSERT, 4625727119804382090
482, INSERT, 6062950819441076449
483, INSERT, 9090357933739560908
484, INSERT, 1598320005505897631
485, INSERT, 4303534508065975546
486, INSERT, 3454531626398117531
487, INSERT, 161096305869203272
488, INSERT, 7919162440333296349
489, INSERT, 4037506301835545746
490, INSERT, 6651171637409912793
491, INSERT, 8502137115770724564
492, INSERT, 2186540823474733975
493, INSERT, 4891755326034811890
494, INSERT, 2866310808429281187
495, INSERT, 427124512099633072
496, INSERT, 7330941622364460005
497, INSERT, 3449285483866709402
498, INSERT, 7239392455378749137
499, INSERT, 7913916297801888220
500, INSERT, 2774761641443570319
501, INSERT, 5479976144003648234
502, INSERT, 2278089990460444843
503, INSERT, 1015345330068469416
504, INSERT, 6742720804395623661
505, INSERT, 2861064665897873058
506, INSERT, 7827613273347585481
507, INSERT, 7325695479833051876
508, INSERT, 3362982459412406663
509, INSERT, 6068196961972484578
510, INSERT, 1689869172491608499
511, INSERT, 1603566148037305760
512, INSERT, 6154499986426787317
513, INSERT, 2171580671610491919
514, INSERT, 1473284273796715866
515, INSERT, 8170230494699484093
516, INSERT, 4403896078578081328
517, INSERT, 6757680956259865717
518, INSERT, 7455977354073641770
519, INSERT, 759031133170873543
520, INSERT, 4525365549292276308
521, INSERT, 1583359853641655575
522, INSERT, 885063455827879522
523, INSERT, 7582009676730647749
524, INSERT, 3815675260609244984
525, INSERT, 7345901774228702061
526, INSERT, 8044198172042478114
527, INSERT, 1347251951139709887
528, INSERT, 5113586367261112652
529, INSERT, 995139035672819231
530, INSERT, 296842637859043178
531, INSERT, 6993788858761811405
532, INSERT, 3227454442640408640
533, INSERT, 7934122592197538405
534, INSERT, 8632418990011314458
535, INSERT, 1935472769108546231
536, INSERT, 5701807185229948996
537, INSERT, 406918217703982887
538, INSERT, 291378180109793166
539, INSERT, 6405568040792975061
540, INSERT, 2639233624671572296
541, INSERT, 8522343410166374749
542, INSERT, 9220639807980150802
543, INSERT, 2523693587077382575
544, INSERT, 6290028003198785340
545, INSERT, 4524463943485837295
546, INSERT, 3826167545672061242
547, INSERT, 7923630307134722147
548, INSERT, 6756779350453426704
549, INSERT, 4404797684384520341
550, INSERT, 5103094082198296394
551, INSERT, 1593852138704471833
552, INSERT, 2172482277416930932
553, INSERT, 3936243125517000951
554, INSERT, 3237946727703224898
555, INSERT, 8511851125103558491
556, INSERT, 6168558532484590360
557, INSERT, 4993018502353356685
558, INSERT, 5691314900167132738
559, INSERT, 1005631320735635489
560, INSERT, 2760703095385767276
561, INSERT, 3348022307548164607
562, INSERT, 2649725909734388554
563, INSERT, 9100071943072394835
564, INSERT, 5580337714515754016
565, INSERT, 5581239320322193029
566, INSERT, 6279535718135969082
567, INSERT, 417410502766799145
568, INSERT, 3348923913354603620
569, INSERT, 2759801489579328263
570, INSERT, 2061505091765552210
571, INSERT, 8758451312668320437
572, INSERT, 4992116896546917672
573, INSERT, 6169460138291029373
574, INSERT, 6867756536104805426
575, INSERT, 170810315202037199
576, INSERT, 3937144731323439964
577, INSERT, 2534185872140198833
578, INSERT, 3232482269953974886
579, INSERT, 3464463950948793341
580, INSERT, 301870465172609424
581, INSERT, 6983296573698995147
582, INSERT, 6285000175885219094
583, INSERT, 5464797676921564295
584, INSERT, 9215611980666584556
585, INSERT, 3122406690109035177
586, INSERT, 3820703087922811230
587, INSERT, 2876243132979956997
588, INSERT, 890091283141445768
589, INSERT, 6395075755730158803
590, INSERT, 5696779357916382750
591, INSERT, 6053018494890400639
592, INSERT, 8627391162697748212
593, INSERT, 3710627508077871521
594, INSERT, 4408923905891647574
595, INSERT, 2288022315011120653
596, INSERT, 1478312101110282112
597, INSERT, 5806854937761322459
598, INSERT, 5108558539947546406
599, INSERT, 6641239312859236983
600, INSERT, 8039170344728911868
601, INSERT, 4298848326046707865
602, INSERT, 4997144723860483918
603, INSERT, 1699801497042284309
604, INSERT, 2066532919079118456
605, INSERT, 5218634119792486115
606, INSERT, 4520337721978710062
607, INSERT, 7229460130828073327
608, INSERT, 7450949526760075524
609, INSERT, 181302600264853457
610, INSERT, 879598998078629510
611, INSERT, 5817347222824138717
612, INSERT, 2051012806702735952
613, INSERT, 9110564228135211093
614, INSERT, 8637883447760564470
615, INSERT, 3111914405046218919
616, INSERT, 6878248821167621684
617, INSERT, 769523418233689801
618, INSERT, 1467819816047465854
619, INSERT, 5229126404855302373
620, INSERT, 1462791988733899608
621, INSERT, 8747959027605504179
622, INSERT, 8049662629791728126
623, INSERT, 3700135223015055263
624, INSERT, 7466469639136458028
625, INSERT, 1357744236202526145
626, INSERT, 2056040634016302198
627, INSERT, 4640905586886466029
628, INSERT, 874571170765063264
629, INSERT, 8159738209636667835
630, INSERT, 7461441811822891782
631, INSERT, 4288356040983891607
632, INSERT, 8054690457105294372
633, INSERT, 1945965054171362489
634, INSERT, 2644261451985138542
635, INSERT, 4052684768917629685
636, INSERT, 286350352796226920
637, INSERT, 7571517391667831491
638, INSERT, 6873220993854055438
639, INSERT, 4876576858952727951
640, INSERT, 8642911275074130716
641, INSERT, 7239952415890889585
642, INSERT, 7938248813704665638
643, INSERT, 1241302592801897411
644, INSERT, 5007637008923300176
645, INSERT, 2277530029948304395
646, INSERT, 1579233632134528342
647, INSERT, 8276179853037296569
648, INSERT, 4509845436915893804
649, INSERT, 7828173233859725929
650, INSERT, 8526469631673501982
651, INSERT, 1829523410770733755
652, INSERT, 5595857826892136520
653, INSERT, 1689309211979468051
654, INSERT, 991012814165691998
655, INSERT, 7687959035068460225
656, INSERT, 3921624618947057460
657, INSERT, 8416394051828562273
658, INSERT, 9114690449642338326
659, INSERT, 2417744228739570099
660, INSERT, 6184078644860972864
661, INSERT, 1101088394010631707
662, INSERT, 402791996196855654
663, INSERT, 7099738217099623881
664, INSERT, 3333403800978221116
665, INSERT, 9004614869797398617
666, INSERT, 8743832806098376946
667, INSERT, 3005965046708406443
668, INSERT, 6772299462829809208
669, INSERT, 512867576041795363
670, INSERT, 185428821771980690
671, INSERT, 6511517399130787537
672, INSERT, 2745182983009384772
673, INSERT, 4887069144015544209
674, INSERT, 5585365541829320262
675, INSERT, 1111580679073447965
676, INSERT, 2654753737047954800
677, INSERT, 4630413301823649771
678, INSERT, 3932116904009873718
679, INSERT, 7817680948796909671
680, INSERT, 6862728708791239180
681, INSERT, 5475289961984380553
682, INSERT, 6173586359798156606
683, INSERT, 523359861104611621
684, INSERT, 3242974555016791144
685, INSERT, 4042192483854813427
686, INSERT, 3343896086041037374
687, INSERT, 8405901766765746015
688, INSERT, 6274507890822402836
689, INSERT, 6063510779953216897
690, INSERT, 6761807177766992950
691, INSERT, 64860956864224723
692, INSERT, 3831195372985627488
693, INSERT, 3453971665885977083
694, INSERT, 2755675268072201030
695, INSERT, 8994122584734582359
696, INSERT, 5686287072853566492
697, INSERT, 6651731597922053241
698, INSERT, 7350027995735829294
699, INSERT, 653081774833061067
700, INSERT, 4419416190954463832
701, INSERT, 2865750847917140739
702, INSERT, 2167454450103364686
703, INSERT, 8864400671006132913
704, INSERT, 5098066254884730148
705, INSERT, 6501025114067971279
706, INSERT, 5802728716254195226
707, INSERT, 5947069136552588163
708, INSERT, 8733340521035560688
709, INSERT, 2428236513802386357
710, INSERT, 3126532911616162410
711, INSERT, 3570413309286605817
712, INSERT, 195921106834796948
713, INSERT, 5912804296099134935
714, INSERT, 5214507898285358882
715, INSERT, 6535289954521424507
716, INSERT, 8145119703066724344
717, INSERT, 3016457331771222701
718, INSERT, 3714753729584998754
719, INSERT, 2982192491317769473
720, INSERT, 784141924803633292
721, INSERT, 5324583478130298591
722, INSERT, 4626287080316522538
723, INSERT, 7123510772490260851
724, INSERT, 7556898885097888000
725, INSERT, 3604678149740059045
726, INSERT, 4302974547553835098
727, INSERT, 2393971673348933129
728, INSERT, 1372362742772469636
729, INSERT, 4736362660161462247
730, INSERT, 4038066262347686194
731, INSERT, 7711731590459097195
732, INSERT, 6968678067129051656
733, INSERT, 4192898967708895389
734, INSERT, 4891195365522671442
735, INSERT, 1805750855380096785
736, INSERT, 1960583560741305980
737, INSERT, 8853908385943316655
738, INSERT, 8155611988129540602
739, INSERT, 3594185864677242787
740, INSERT, 7360520280798645552
741, INSERT, 75353241927040981
742, INSERT, 773649639740817034
743, INSERT, 5923296581161951193
744, INSERT, 2156962165040548428
745, INSERT, 8265687567974480311
746, INSERT, 7567391170160704258
747, INSERT, 4182406682646079131
748, INSERT, 7948741098767481896
749, INSERT, 663574059895877325
750, INSERT, 1361870457709653378
751, INSERT, 5335075763193114849
752, INSERT, 1568741347071712084
753, INSERT, 7677466750005643967
754, INSERT, 6979170352191867914
755, INSERT, 4770627500614915475
756, INSERT, 8536961916736318240
757, INSERT, 1251794877864713669
758, INSERT, 1950091275678489722
759, INSERT, 4746854945224278505
760, INSERT, 980520529102875740
761, INSERT, 7089245932036807623
762, INSERT, 6390949534223031570
763, INSERT, 5358848318583751819
764, INSERT, 9125182734705154584
765, INSERT, 1840015695833550013
766, INSERT, 2538312093647326066
767, INSERT, 4158634127255442161
768, INSERT, 392299711134039396
769, INSERT, 6399761937749426484
770, INSERT, 2754896992342218699
771, INSERT, 6048332312871132958
772, INSERT, 175714812439146763
773, INSERT, 2529499690120931152
774, INSERT, 6762585453496975281
775, INSERT, 3469150132968061022
776, INSERT, 8753546815431210873
777, INSERT, 5811541119780590140
778, INSERT, 3343117810311055043
779, INSERT, 6636553130839969302
780, INSERT, 412506005529689581
781, INSERT, 3117720508089767496
782, INSERT, 6174364635528138937
783, INSERT, 2880929314999224678
784, INSERT, 9104976440309504399
785, INSERT, 5223320301811753796
786, INSERT, 3931338628279891387
787, INSERT, 7224773948808805646
788, INSERT, 1000726823498525925
789, INSERT, 3705941326058603840
790, INSERT, 5586143817559302593
791, INSERT, 2292708497030388334
792, INSERT, 8516755622340668055
793, INSERT, 4635099483842917452
794, INSERT, 4519559446248727731
795, INSERT, 7812994766777641990
796, INSERT, 1588947641467362269
797, INSERT, 4294162144027440184
798, INSERT, 4997922999590466249
799, INSERT, 1704487679061551990
800, INSERT, 7928534804371831711
801, INSERT, 8752645209624771860
802, INSERT, 402013720466873323
803, INSERT, 3695449040995787582
804, INSERT, 2528598084314492139
805, INSERT, 176616418245585776
806, INSERT, 9115468725372320657
807, INSERT, 5822033404843406398
808, INSERT, 6400663543555865497
809, INSERT, 8164424391655935516
810, INSERT, 990234538435709667
811, INSERT, 4283669858964623926
812, INSERT, 1940377266345655795
813, INSERT, 764837236214422120
814, INSERT, 8527247907403484313
815, INSERT, 5233812586874570054
816, INSERT, 6988884361524701841
817, INSERT, 7576203573687099172
818, INSERT, 1578455356404546011
819, INSERT, 4871890676933460270
820, INSERT, 1352156448376819451
821, INSERT, 1353058054183258464
822, INSERT, 7939027089434647969
823, INSERT, 4645591768905733710
824, INSERT, 7577105179493538185
825, INSERT, 6987982755718262828
826, INSERT, 2166676174373382355
827, INSERT, 5460111494902296614
828, INSERT, 763935630407983107
829, INSERT, 1941278872152094808
830, INSERT, 7350806271465811625
831, INSERT, 4057370950936897366
832, INSERT, 8165325997462374529
833, INSERT, 1693995393998735732
834, INSERT, 7460663536092909451
835, INSERT, 7692645217087727906
836, INSERT, 4530051731311543989
837, INSERT, 7235266233871621904
838, INSERT, 2056818909746284529
839, INSERT, 1236616410782629730
840, INSERT, 4987430714527649991
841, INSERT, 1105774576029899388
842, INSERT, 8048884354061745795
843, INSERT, 7104424399118891562
844, INSERT, 5118272549280380333
845, INSERT, 7823487051840458248
846, INSERT, 1468598091777448185
847, INSERT, 1824837228751466074
848, INSERT, 4399209896558813647
849, INSERT, 517553758061063044
850, INSERT, 8637105172030582139
851, INSERT, 6516203581150055218
852, INSERT, 5706493367249216677
853, INSERT, 8411707869809294592
854, INSERT, 880377273808611841
855, INSERT, 2413058046720302418
856, INSERT, 3810989078589977303
857, INSERT, 70667059907773300
858, INSERT, 9221418083710133133
859, INSERT, 5927982763181218874
860, INSERT, 6294714185218053021
861, INSERT, 8999928687778130936
862, INSERT, 292156455839775497
863, INSERT, 3001278864689138762
864, INSERT, 3222768260621140959
865, INSERT, 4046878665874081108
866, INSERT, 5107780264217564075
867, INSERT, 8401215584746478334
868, INSERT, 2177168459436198613
869, INSERT, 4882382961996276528
870, INSERT, 4409702181621629905
871, INSERT, 1116266861092715646
872, INSERT, 7340313986402995367
873, INSERT, 3458657847905244764
874, INSERT, 5696001082186400419
875, INSERT, 8989436402715314678
876, INSERT, 2765389277405034957
877, INSERT, 5470603779965112872
878, INSERT, 3821481363652793561
879, INSERT, 528046043123879302
880, INSERT, 6752093168434159023
881, INSERT, 2870437029936408420
882, INSERT, 6284221900155236763
883, INSERT, 8869086853025400594
884, INSERT, 3353610095373871301
885, INSERT, 6058824597933949216
886, INSERT, 3233260545683957217
887, INSERT, 60174774844957042
888, INSERT, 6163872350465322679
889, INSERT, 2282216211967572076
890, INSERT, 6872442718124073107
891, INSERT, 8280866035056564250
892, INSERT, 3941830913342707645
893, INSERT, 6647045415902785560
894, INSERT, 2645039727715120873
895, INSERT, 648395592813793386
896, INSERT, 5575651532496486335
897, INSERT, 3011771149751955020
898, INSERT, 6280313993865951413
899, INSERT, 2986878673337037154
900, INSERT, 9210925798647316875
901, INSERT, 6505711296087238960
902, INSERT, 2648947634004406223
903, INSERT, 5942382954533320482
904, INSERT, 281664170776959239
905, INSERT, 3599991967720791364
906, INSERT, 5692093175897115069
907, INSERT, 2398657855368200810
908, INSERT, 8622704980678480531
909, INSERT, 5917490478118402616
910, INSERT, 3237168451973242567
911, INSERT, 6530603772502156826
912, INSERT, 306556647191877105
913, INSERT, 4188212785689627708
914, INSERT, 5103872357928278725
915, INSERT, 1810437037399364466
916, INSERT, 8034484162709644187
917, INSERT, 5329269660149566272
918, INSERT, 3825389269942078911
919, INSERT, 7118824590470993170
920, INSERT, 894777465160713449
921, INSERT, 4776433603658464052
922, INSERT, 4515651539959442381
923, INSERT, 1222216219430528122
924, INSERT, 7446263344740807843
925, INSERT, 4741048842180729928
926, INSERT, 4413610087910915255
927, INSERT, 7707045408439829514
928, INSERT, 1482998283129549793
929, INSERT, 658887877876609644
930, INSERT, 8633197265741296789
931, INSERT, 5339761945212382530
932, INSERT, 6882935003186889365
933, INSERT, 8858594567962584336
934, INSERT, 296064362129060847
935, INSERT, 3589499682657975106
936, INSERT, 2634547442652304615
937, INSERT, 1247108695845445988
938, INSERT, 8044976447772460445
939, INSERT, 4751541127243546186
940, INSERT, 7471155821155725709
941, INSERT, 8270373749993747992
942, INSERT, 884285180097897191
943, INSERT, 4177720500626811450
944, INSERT, 2046326624683468271
945, INSERT, 1835329513814282332
946, INSERT, 7456755629803624101
947, INSERT, 4163320309274709842
948, INSERT, 8059376639124562053
949, INSERT, 7682152932024911648
950, INSERT, 1472505998066733535
951, INSERT, 4765941318595647794
952, INSERT, 1458105806714631927
953, INSERT, 2423550331783118676
954, INSERT, 6868534811834787757
955, INSERT, 3575099491305873498
956, INSERT, 8647597457093398397
957, INSERT, 7093932114056075304
958, INSERT, 2060726816035569879
959, INSERT, 5354162136564484138
960, INSERT, 869884988745795583
961, INSERT, 7717537693502645772
962, INSERT, 1574547450115260661
963, INSERT, 1718887870413653598
964, INSERT, 4505159254896626123
965, INSERT, 1799944752336548208
966, INSERT, 7354714177755096975
967, INSERT, 7798594575425540382
968, INSERT, 4424102372973731513
969, INSERT, 8305758511471482116
970, INSERT, 986326632146424317
971, INSERT, 2307108688382489942
972, INSERT, 3916938436927789779
973, INSERT, 1211723934367711864
974, INSERT, 7942934995723933319
975, INSERT, 7210373757456704038
976, INSERT, 5012323190942567857
977, INSERT, 8893979329440318460
978, INSERT, 398105814177587973
979, INSERT, 2895329506351326286
980, INSERT, 3328717618958953435
981, INSERT, 623503116398875520
982, INSERT, 8531155813692769663
983, INSERT, 6622152939487867694
984, INSERT, 5600544008911404201
985, INSERT, 8964543926300396812
986, INSERT, 190115003791248371
987, INSERT, 3483550324320162630
988, INSERT, 2740496800990117091
989, INSERT, 35282298430039176
990, INSERT, 9119376631661606007
991, INSERT, 6033932121519031350
992, INSERT, 6188764826880240545
993, INSERT, 5364654421627300396
994, INSERT, 3927430721990606037
995, INSERT, 633995401461691778
996, INSERT, 6858042526771971499
997, INSERT, 4152828024211893584
998, INSERT, 5001830905879751599
999, INSERT, 8295266226408665858
1000, INSERT, 2071219101098386137
