0, READ, 3690421213682221336
1, READ, 1573987489603120213
2, READ, 5912804296099134935
3, READ, 784141924803633292
4, READ, 4987430714527649991
5, READ, 8627391162697748212
6, READ, 1799944752336548208
7, READ, 8522343410166374749
8, READ, 6068196961972484578
9, READ, 8507383258302132693
10, READ, 1337537941806875960
11, READ, 2046326624683468271
12, READ, 3001278864689138762
13, READ, 1241302592801897411
14, READ, 9004054909285258169
15, READ, 3821263048434951678
16, READ, 8989654717933156561
17, READ, 7677466750005643967
18, READ, 769523418233689801
19, READ, 3464245635730951458
20, READ, 6983856534211135595
21, READ, 1810437037399364466
22, READ, 1573987489603120213
23, READ, 4278642031651057680
24, READ, 3232482269953974886
25, READ, 1573987489603120213
26, READ, 8034484162709644187
27, READ, 9221199768492291250
28, READ, 7475842003174993390
29, READ, 1332851759787608279
30, READ, 4891755326034811890
31, READ, 1357184275690385697
32, READ, 7450949526760075524
33, READ, 3815675260609244984
34, READ, 6154499986426787317
35, READ, 6626839121507135375
36, READ, 8164424391655935516
37, READ, 4153387984724034032
38, READ, 7360520280798645552
39, READ, 6535289954521424507
40, READ, 3001497179906980645
41, READ, 5465015992139406178
42, READ, 2740496800990117091
43, READ, 6862728708791239180
44, READ, 2760703095385767276
45, READ, 1824837228751466074
46, READ, 2277530029948304395
47, READ, 7360520280798645552
48, READ, 1005413005517793606
49, READ, 7104424399118891562
50, READ, 5691314900167132738
51, READ, 2408371864701034737
52, READ, 7581791361512805866
53, READ, 4524463943485837295
54, READ, 4153387984724034032
55, READ, 306556647191877105
56, READ, 4298848326046707865
57, READ, 6415282050125808988
58, READ, 8874114680338966840
59, READ, 6174364635528138937
60, READ, 885063455827879522
61, READ, 5691533215384974621
62, READ, 3826167545672061242
63, READ, 2750429125540792901
64, READ, 6053236810108242522
65, READ, 2750429125540792901
66, READ, 64860956864224723
67, READ, 1573987489603120213
68, READ, 8853908385943316655
69, READ, 7913916297801888220
70, READ, 2307108688382489942
71, READ, 4153387984724034032
72, READ, 754563266369447745
73, READ, 4153387984724034032
74, READ, 5715865731287752039
75, READ, 8155611988129540602
76, READ, 2765389277405034957
77, READ, 4177720500626811450
78, READ, 3584813500638707425
79, READ, 5581239320322193029
80, READ, 7456195669291483653
81, READ, 4635659444355057900
82, READ, 296842637859043178
83, READ, 8869086853025400594
84, READ, 8164984352168075964
85, READ, 7239952415890889585
86, READ, 537760052456713229
87, READ, 8652283639112666078
88, READ, 4765941318595647794
89, READ, 2760361450091468711
90, READ, 5329829620661706720
91, READ, 8164984352168075964
92, READ, 3916938436927789779
93, READ, 2645039727715120873
94, READ, 3348582268060305055
95, READ, 4635659444355057900
96, READ, 7577105179493538185
97, READ, 3936243125517000951
98, READ, 8270933710505888440
99, READ, 1573987489603120213
100, READ, 2417744228739570099
101, READ, 1573987489603120213
102, READ, 5933010590494785120
103, READ, 8511851125103558491
104, READ, 3348022307548164607
105, READ, 4057152635719055483
106, READ, 5475289961984380553
107, READ, 6862728708791239180
108, READ, 6048332312871132958
109, READ, 7350027995735829294
110, READ, 2543558236178734195
111, READ, 176616418245585776
112, READ, 5214507898285358882
113, READ, 5580337714515754016
114, READ, 2996592682669871081
115, READ, 2403344037387468491
116, READ, 8507383258302132693
117, READ, 648395592813793386
118, READ, 3011211189239814572
119, READ, 3931338628279891387
120, READ, 4776433603658464052
121, READ, 2172140632122632367
122, READ, 2986878673337037154
123, READ, 1931004902307120433
124, READ, 4158634127255442161
125, READ, 6068196961972484578
126, READ, 5696779357916382750
127, READ, 7827613273347585481
128, READ, 7350806271465811625
129, READ, 9114690449642338326
130, READ, 1829523410770733755
131, READ, 412164360235391016
132, READ, 3936243125517000951
133, READ, 4153387984724034032
134, READ, 4756227309262813867
135, READ, 6174146320310297054
136, READ, 4866862849619894024
137, READ, 2649507594516546671
138, READ, 8164984352168075964
139, READ, 8270373749993747992
140, READ, 3695667356213629465
141, READ, 7817680948796909671
142, READ, 3227454442640408640
143, READ, 4756227309262813867
144, READ, 2428236513802386357
145, READ, 8266247528486620759
146, READ, 1337537941806875960
147, READ, 7828173233859725929
148, READ, 8034484162709644187
149, READ, 3117160547577627048
150, READ, 1824837228751466074
151, READ, 5817347222824138717
152, READ, 6862728708791239180
153, READ, 7827613273347585481
154, READ, 4626287080316522538
155, READ, 2172482277416930932
156, READ, 3589717997875816989
157, READ, 7466469639136458028
158, READ, 1478312101110282112
159, READ, 1121294688406281892
160, READ, 643709410794525705
161, READ, 2186540823474733975
162, READ, 6762367138279133398
163, READ, 3237728412485383015
164, READ, 4515651539959442381
165, READ, 2066532919079118456
166, READ, 7933562631685397957
167, READ, 2634547442652304615
168, READ, 291596495327635049
169, READ, 2417744228739570099
170, READ, 2417744228739570099
171, READ, 9119936592173746455
172, READ, 5942382954533320482
173, READ, 4982744532508382310
174, READ, 4153387984724034032
175, READ, 1573987489603120213
176, READ, 181302600264853457
177, READ, 3474177960281627268
178, READ, 2288022315011120653
179, READ, 296064362129060847
180, READ, 1573987489603120213
181, READ, 74793281414900533
182, READ, 879817313296471393
183, READ, 8164424391655935516
184, READ, 6646485455390645112
185, READ, 3468931817750219139
186, READ, 6174146320310297054
187, READ, 3946517095361975326
188, READ, 5107780264217564075
189, READ, 633995401461691778
190, READ, 6149253843895379188
191, READ, 402232035684715206
192, READ, 5590611684360728391
193, READ, 2056818909746284529
194, READ, 3931556943497733270
195, READ, 3710067547565731073
196, READ, 1573987489603120213
197, READ, 5817347222824138717
198, READ, 1121294688406281892
199, READ, 744630941818771935
200, READ, 6274507890822402836
201, READ, 9119376631661606007
202, READ, 7581791361512805866
203, READ, 1810437037399364466
204, READ, 4294162144027440184
205, READ, 995698996184959679
206, READ, 1462791988733899608
207, READ, 2876243132979956997
208, READ, 6068196961972484578
209, READ, 3575099491305873498
210, READ, 2408371864701034737
211, READ, 1573987489603120213
212, READ, 1352156448376819451
213, READ, 8184630686051585701
214, READ, 2051012806702735952
215, READ, 5797482573722787097
216, READ, 9004054909285258169
217, READ, 3931556943497733270
218, READ, 5917490478118402616
219, READ, 8999928687778130936
220, READ, 190115003791248371
221, READ, 1121294688406281892
222, READ, 1825055543969307957
223, READ, 1573987489603120213
224, READ, 4876795174170569834
225, READ, 1573987489603120213
226, READ, 1825055543969307957
227, READ, 7235266233871621904
228, READ, 1473065958578873983
229, READ, 7360520280798645552
230, READ, 9114690449642338326
231, READ, 3328717618958953435
232, READ, 528046043123879302
233, READ, 6284781860667377211
234, READ, 1573987489603120213
235, READ, 6053018494890400639
236, READ, 1000726823498525925
237, READ, 6505711296087238960
238, READ, 2292490181812546451
239, READ, 6516203581150055218
240, READ, 5098066254884730148
241, READ, 8059376639124562053
242, READ, 3820703087922811230
243, READ, 1829523410770733755
244, READ, 3816016905903543549
245, READ, 3242974555016791144
246, READ, 2534185872140198833
247, READ, 6867756536104805426
248, READ, 8054690457105294372
249, READ, 5817347222824138717
250, READ, 4042192483854813427
251, READ, 3690421213682221336
252, READ, 5817347222824138717
253, READ, 1472505998066733535
254, READ, 392299711134039396
255, READ, 991012814165691998
256, READ, 1573987489603120213
257, READ, 3233042230466115334
258, READ, 3097514213694117311
259, READ, 190674964303388819
260, READ, 3695449040995787582
261, READ, 1573987489603120213
262, READ, 1222216219430528122
263, READ, 8029797980690376506
264, READ, 7827613273347585481
265, READ, 6299400367237320702
266, READ, 6862728708791239180
267, READ, 70667059907773300
268, READ, 885063455827879522
269, READ, 1573987489603120213
270, READ, 8396529402727210653
271, READ, 2645039727715120873
272, READ, 3826167545672061242
273, READ, 4770627500614915475
274, READ, 5701465539935650431
275, READ, 3820921403140653113
276, READ, 6867756536104805426
277, READ, 4153387984724034032
278, READ, 2278089990460444843
279, READ, 2408371864701034737
280, READ, 2523911902295224458
281, READ, 1931004902307120433
282, READ, 2634547442652304615
283, READ, 8622704980678480531
284, READ, 7919162440333296349
285, READ, 5570965350477218654
286, READ, 4997704684372624366
287, READ, 2529499690120931152
288, READ, 7460881851310751334
289, READ, 5113244721966814087
290, READ, 8511851125103558491
291, READ, 5007637008923300176
292, READ, 8391501575413644407
293, READ, 4756227309262813867
294, READ, 3011211189239814572
295, READ, 2876243132979956997
296, READ, 5324583478130298591
297, READ, 8039170344728911868
298, READ, 7823487051840458248
299, READ, 402791996196855654
300, READ, 7239392455378749137
301, READ, 880377273808611841
302, READ, 5103872357928278725
303, READ, 653081774833061067
304, READ, 513427536553935811
305, READ, 5470603779965112872
306, READ, 8421080233847829954
307, READ, 3368228601943814792
308, READ, 5912804296099134935
309, READ, 2645039727715120873
310, READ, 6636553130839969302
311, READ, 4153387984724034032
312, READ, 7812994766777641990
313, READ, 3131779054147570539
314, READ, 3121846729596894729
315, READ, 1236616410782629730
316, READ, 4635659444355057900
317, READ, 7109452226432457808
318, READ, 2061286776547710327
319, READ, 1458105806714631927
320, READ, 5228908089637460490
321, READ, 4876576858952727951
322, READ, 1573987489603120213
323, READ, 74793281414900533
324, READ, 7938808774216806086
325, READ, 190674964303388819
326, READ, 2186540823474733975
327, READ, 7008189050113913013
328, READ, 6631525303526403056
329, READ, 6631525303526403056
330, READ, 1468379776559606302
331, READ, 3005965046708406443
332, READ, 9095604076270969037
333, READ, 5817347222824138717
334, READ, 4645591768905733710
335, READ, 7571517391667831491
336, READ, 6279754033353810965
337, READ, 1799944752336548208
338, READ, 1598320005505897631
339, READ, 879598998078629510
340, READ, 7571517391667831491
341, READ, 7942934995723933319
342, READ, 764277275702281672
343, READ, 306556647191877105
344, READ, 5001830905879751599
345, READ, 3343117810311055043
346, READ, 5817347222824138717
347, READ, 1573987489603120213
348, READ, 2408030219406736172
349, READ, 2528598084314492139
350, READ, 518113718573203492
351, READ, 1931004902307120433
352, READ, 7697673044401294152
353, READ, 2408371864701034737
354, READ, 1573987489603120213
355, READ, 4972812207957706500
356, READ, 7567391170160704258
357, READ, 2408371864701034737
358, READ, 4882382961996276528
359, READ, 407478178216123335
360, READ, 3348923913354603620
361, READ, 4067084960269731293
362, READ, 4872108992151302153
363, READ, 1588947641467362269
364, READ, 7450949526760075524
365, READ, 6419968232145076669
366, READ, 8049662629791728126
367, READ, 8266247528486620759
368, READ, 6400321898261566932
369, READ, 4997922999590466249
370, READ, 3449285483866709402
371, READ, 8637883447760564470
372, READ, 8164984352168075964
373, READ, 1593852138704471833
374, READ, 648395592813793386
375, READ, 9110564228135211093
376, READ, 3916938436927789779
377, READ, 3599432007208650916
378, READ, 4534737913330811670
379, READ, 774209600252957482
380, READ, 4168348136588276088
381, READ, 9215611980666584556
382, READ, 4626287080316522538
383, READ, 5817347222824138717
384, READ, 8401433899964320217
385, READ, 7104206083901049679
386, READ, 2880929314999224678
387, READ, 884285180097897191
388, READ, 8270933710505888440
389, READ, 5228908089637460490
390, READ, 4746854945224278505
391, READ, 9090357933739560908
392, READ, 3368228601943814792
393, READ, 6636771446057811185
394, READ, 8405901766765746015
395, READ, 4273955849631789999
396, READ, 6742720804395623661
397, READ, 8044198172042478114
398, READ, 1709515506375118236
399, READ, 7215059939475971719
400, READ, 8854468346455457103
401, READ, 4645591768905733710
402, READ, 6762585453496975281
403, READ, 4404237723872379893
404, READ, 1593852138704471833
405, READ, 5831747414176240325
406, READ, 398105814177587973
407, READ, 4626287080316522538
408, READ, 4776433603658464052
409, READ, 8416394051828562273
410, READ, 7938248813704665638
411, READ, 2645039727715120873
412, READ, 2171580671610491919
413, READ, 8748518988117644627
414, READ, 4993018502353356685
415, READ, 4776433603658464052
416, READ, 8411147909297154144
417, READ, 5701465539935650431
418, READ, 6274507890822402836
419, READ, 2885957142312790924
420, READ, 3368228601943814792
421, READ, 6405568040792975061
422, READ, 5464797676921564295
423, READ, 8280866035056564250
424, READ, 1353058054183258464
425, READ, 1829523410770733755
426, READ, 4775873643146323604
427, READ, 1573987489603120213
428, READ, 6168900177778888925
429, READ, 7219746121495239400
430, READ, 4519559446248727731
431, READ, 2398657855368200810
432, READ, 5455083667588730368
433, READ, 2865750847917140739
434, READ, 4052466453699787802
435, READ, 3474177960281627268
436, READ, 2056818909746284529
437, READ, 7003502868094645332
438, READ, 4052466453699787802
439, READ, 8753205170136912308
440, READ, 6647045415902785560
441, READ, 6285000175885219094
442, READ, 3710067547565731073
443, READ, 8174698361500909891
444, READ, 5585583857047162145
445, READ, 508181394022527682
446, READ, 774209600252957482
447, READ, 7692645217087727906
448, READ, 3584471855344408860
449, READ, 648613908031635269
450, READ, 5942382954533320482
451, READ, 5585583857047162145
452, READ, 5233594271656728171
453, READ, 3826167545672061242
454, READ, 5937696772514052801
455, READ, 5827061232156972644
456, READ, 7934122592197538405
457, READ, 75353241927040981
458, READ, 311242829211144786
459, READ, 6390389573710891122
460, READ, 4153387984724034032
461, READ, 2171580671610491919
462, READ, 3117720508089767496
463, READ, 7224773948808805646
464, READ, 2750429125540792901
465, READ, 4298288365534567417
466, READ, 2398657855368200810
467, READ, 1357184275690385697
468, READ, 4519559446248727731
469, READ, 7692645217087727906
470, READ, 1799944752336548208
471, READ, 4424102372973731513
472, READ, 4997144723860483918
473, READ, 2982192491317769473
474, READ, 4153387984724034032
475, READ, 8270933710505888440
476, READ, 2639233624671572296
477, READ, 296624322641201295
478, READ, 2171580671610491919
479, READ, 1467819816047465854
480, READ, 5797482573722787097
481, READ, 6501025114067971279
482, READ, 7943494956236073767
483, READ, 5696001082186400419
484, READ, 180742639752713009
485, READ, 2408371864701034737
486, READ, 1829523410770733755
487, READ, 7003502868094645332
488, READ, 3695667356213629465
489, READ, 3362982459412406663
490, READ, 8627391162697748212
491, READ, 6872661033341914990
492, READ, 5942382954533320482
493, READ, 1573987489603120213
494, READ, 3820703087922811230
495, READ, 4760913491282081548
496, READ, 7817680948796909671
497, READ, 7461441811822891782
498, READ, 769523418233689801
499, READ, 6862728708791239180
500, READ, 3102200395713384992
501, READ, 1342784084338284089
502, READ, 2292708497030388334
503, READ, 7350806271465811625
504, READ, 784141924803633292
505, READ, 7697331399106995587
506, READ, 1603566148037305760
507, READ, 5817347222824138717
508, READ, 991012814165691998
509, READ, 3111914405046218919
510, READ, 5918050438630543064
511, READ, 6515985265932213335
512, READ, 7596409868082749357
513, READ, 7239392455378749137
514, READ, 7827613273347585481
515, READ, 2172140632122632367
516, READ, 6053236810108242522
517, READ, 8170230494699484093
518, READ, 754563266369447745
519, READ, 5233594271656728171
520, READ, 4520337721978710062
521, READ, 3464463950948793341
522, READ, 5691533215384974621
523, READ, 4645373453687891827
524, READ, 5213947937773218434
525, READ, 3821263048434951678
526, READ, 6872661033341914990
527, READ, 4067084960269731293
528, READ, 5108558539947546406
529, READ, 6395635716242299251
530, READ, 3474177960281627268
531, READ, 5817347222824138717
532, READ, 6048550628088974841
533, READ, 784141924803633292
534, READ, 5952315279083996292
535, READ, 4525365549292276308
536, READ, 3956449419912651136
537, READ, 2413276361938144301
538, READ, 1714201688394385917
539, READ, 5817347222824138717
540, READ, 5942382954533320482
541, READ, 8054348811810995807
542, READ, 1573987489603120213
543, READ, 2051354451997034517
544, READ, 1015345330068469416
545, READ, 2509293395725280967
546, READ, 6168900177778888925
547, READ, 4534737913330811670
548, READ, 5817347222824138717
549, READ, 1367116600241061507
550, READ, 8290580044389398177
551, READ, 6862728708791239180
552, READ, 3111914405046218919
553, READ, 6279754033353810965
554, READ, 5585583857047162145
555, READ, 9210925798647316875
556, READ, 1473284273796715866
557, READ, 4770627500614915475
558, READ, 4635659444355057900
559, READ, 5711179549268484358
560, READ, 406918217703982887
561, READ, 2408371864701034737
562, READ, 5942382954533320482
563, READ, 7567391170160704258
564, READ, 55146947531390796
565, READ, 5917490478118402616
566, READ, 4515091579447301933
567, READ, 4736362660161462247
568, READ, 190674964303388819
569, READ, 778895782272225163
570, READ, 3570413309286605817
571, READ, 2071219101098386137
572, READ, 5817347222824138717
573, READ, 1347251951139709887
574, READ, 3126532911616162410
575, READ, 3719999872116406883
576, READ, 3127092872128302858
577, READ, 6742720804395623661
578, READ, 3916938436927789779
579, READ, 6164213995759621244
580, READ, 8752645209624771860
581, READ, 5228908089637460490
582, READ, 1332851759787608279
583, READ, 5354162136564484138
584, READ, 1573987489603120213
585, READ, 5103312397416138277
586, READ, 3826167545672061242
587, READ, 774209600252957482
588, READ, 7118824590470993170
589, READ, 7475842003174993390
590, READ, 171028630419879082
591, READ, 2982192491317769473
592, READ, 7577105179493538185
593, READ, 3011771149751955020
594, READ, 6862728708791239180
595, READ, 161096305869203272
596, READ, 8174698361500909891
597, READ, 9100290258290236718
598, READ, 6752093168434159023
599, READ, 1829523410770733755
600, READ, 1573987489603120213
601, READ, 417410502766799145
602, READ, 7586477543532073547
603, READ, 7576203573687099172
604, READ, 3821263048434951678
605, READ, 2538312093647326066
606, READ, 2167454450103364686
607, READ, 4776433603658464052
608, READ, 6622152939487867694
609, READ, 7677466750005643967
610, READ, 3700135223015055263
611, READ, 8507383258302132693
612, READ, 7215059939475971719
613, READ, 7938248813704665638
614, READ, 5817347222824138717
615, READ, 8421080233847829954
616, READ, 5692093175897115069
617, READ, 8511851125103558491
618, READ, 6521231408463621464
619, READ, 774209600252957482
620, READ, 2056040634016302198
621, READ, 8421080233847829954
622, READ, 7350806271465811625
623, READ, 6149253843895379188
624, READ, 6772299462829809208
625, READ, 7210373757456704038
626, READ, 2162208307571956557
627, READ, 6762585453496975281
628, READ, 4177720500626811450
629, READ, 4294162144027440184
630, READ, 3474177960281627268
631, READ, 7938808774216806086
632, READ, 4057152635719055483
633, READ, 533073870437445548
634, READ, 8526469631673501982
635, READ, 5344789772525948776
636, READ, 6395075755730158803
637, READ, 5113586367261112652
638, READ, 6168558532484590360
639, READ, 8416394051828562273
640, READ, 8748518988117644627
641, READ, 3710627508077871521
642, READ, 8752645209624771860
643, READ, 3011211189239814572
644, READ, 7697331399106995587
645, READ, 7239392455378749137
646, READ, 7939027089434647969
647, READ, 8396187757432912088
648, READ, 4153387984724034032
649, READ, 3584813500638707425
650, READ, 517553758061063044
651, READ, 8738586663566968817
652, READ, 6872442718124073107
653, READ, 3353268450079572736
654, READ, 291378180109793166
655, READ, 6862728708791239180
656, READ, 5952315279083996292
657, READ, 6636553130839969302
658, READ, 4163320309274709842
659, READ, 7461223496605049899
660, READ, 3916938436927789779
661, READ, 8411147909297154144
662, READ, 4067084960269731293
663, READ, 5007637008923300176
664, READ, 6173586359798156606
665, READ, 6521231408463621464
666, READ, 4876795174170569834
667, READ, 2639575269965870861
668, READ, 1824837228751466074
669, READ, 5942382954533320482
670, READ, 9095604076270969037
671, READ, 6647045415902785560
672, READ, 5344448127231650211
673, READ, 1573987489603120213
674, READ, 5127644913318915695
675, READ, 1458105806714631927
676, READ, 1578673671622387894
677, READ, 7697673044401294152
678, READ, 1573987489603120213
679, READ, 754563266369447745
680, READ, 894777465160713449
681, READ, 6516203581150055218
682, READ, 4153387984724034032
683, READ, 4153387984724034032
684, READ, 8044198172042478114
685, READ, 2413058046720302418
686, READ, 3936243125517000951
687, READ, 3233260545683957217
688, READ, 764837236214422120
689, READ, 2996592682669871081
690, READ, 291378180109793166
691, READ, 5214507898285358882
692, READ, 4153387984724034032
693, READ, 3579785673325141179
694, READ, 1931004902307120433
695, READ, 1578455356404546011
696, READ, 7099738217099623881
697, READ, 6284440215373078646
698, READ, 7350806271465811625
699, READ, 2533625911628058385
700, READ, 1468598091777448185
701, READ, 5103094082198296394
702, READ, 991012814165691998
703, READ, 6622152939487867694
704, READ, 1955337418209897851
705, READ, 412164360235391016
706, READ, 7576763534199239620
707, READ, 5324583478130298591
708, READ, 5113244721966814087
709, READ, 6993788858761811405
710, READ, 4741608802692870376
711, READ, 4891195365522671442
712, READ, 2413058046720302418
713, READ, 2740496800990117091
714, READ, 2302422506363222261
715, READ, 6756779350453426704
716, READ, 4409483866403788022
717, READ, 3570413309286605817
718, READ, 2543558236178734195
719, READ, 5918050438630543064
720, READ, 8155052027617400154
721, READ, 5701807185229948996
722, READ, 2287803999793278770
723, READ, 5817347222824138717
724, READ, 8416394051828562273
725, READ, 2408371864701034737
726, READ, 2513979577744548648
727, READ, 4891195365522671442
728, READ, 6752434813728457588
729, READ, 3237728412485383015
730, READ, 5450397485569462687
731, READ, 2428236513802386357
732, READ, 5214507898285358882
733, READ, 7827613273347585481
734, READ, 1593852138704471833
735, READ, 3458657847905244764
736, READ, 55488592825689361
737, READ, 2519225720275956777
738, READ, 1000726823498525925
739, READ, 5007637008923300176
740, READ, 8411707869809294592
741, READ, 1573987489603120213
742, READ, 1342784084338284089
743, READ, 1352498093671118016
744, READ, 3806302896570709622
745, READ, 5470043819452972424
746, READ, 1694555354510876180
747, READ, 1829523410770733755
748, READ, 1573987489603120213
749, READ, 6279754033353810965
750, READ, 2885957142312790924
751, READ, 4886509183503403761
752, READ, 291938140621933614
753, READ, 4886509183503403761
754, READ, 5585925502341460710
755, READ, 754563266369447745
756, READ, 5817347222824138717
757, READ, 185428821771980690
758, READ, 8874114680338966840
759, READ, 759031133170873543
760, READ, 5942382954533320482
761, READ, 2986878673337037154
762, READ, 7123510772490260851
763, READ, 3816016905903543549
764, READ, 8285552217075831931
765, READ, 4413610087910915255
766, READ, 7089245932036807623
767, READ, 7803280757444808063
768, READ, 9100071943072394835
769, READ, 6882935003186889365
770, READ, 7094492074568215752
771, READ, 6410035907594400859
772, READ, 5580337714515754016
773, READ, 7682712892537052096
774, READ, 3469150132968061022
775, READ, 4509845436915893804
776, READ, 4302974547553835098
777, READ, 1000385178204227360
778, READ, 5465015992139406178
779, READ, 7003502868094645332
780, READ, 3218082078601873278
781, READ, 296842637859043178
782, READ, 8999368727265990488
783, READ, 5460329810120138497
784, READ, 7692645217087727906
785, READ, 3127092872128302858
786, READ, 3111914405046218919
787, READ, 4273955849631789999
788, READ, 185988782284121138
789, READ, 517553758061063044
790, READ, 6757120995747725269
791, READ, 1337537941806875960
792, READ, 4302974547553835098
793, READ, 7234706273359481456
794, READ, 6772299462829809208
795, READ, 2534185872140198833
796, READ, 3237946727703224898
797, READ, 5806854937761322459
798, READ, 6149253843895379188
799, READ, 4294162144027440184
800, READ, 512867576041795363
801, READ, 6862728708791239180
802, READ, 5927982763181218874
803, READ, 2644821412497278990
804, READ, 2287803999793278770
805, READ, 2649725909734388554
806, READ, 6978610391679727466
807, READ, 7093932114056075304
808, READ, 2654753737047954800
809, READ, 2292490181812546451
810, READ, 5228908089637460490
811, READ, 2292490181812546451
812, READ, 171028630419879082
813, READ, 6163872350465322679
814, READ, 1573987489603120213
815, READ, 7828173233859725929
816, READ, 1573987489603120213
817, READ, 3478864142300894949
818, READ, 5706493367249216677
819, READ, 1463133634028198173
820, READ, 1573987489603120213
821, READ, 879817313296471393
822, READ, 4756568954557112432
823, READ, 276977988757691558
824, READ, 8878800862358234521
825, READ, 7711731590459097195
826, READ, 8632418990011314458
827, READ, 8170230494699484093
828, READ, 7234706273359481456
829, READ, 8416394051828562273
830, READ, 2509293395725280967
831, READ, 3826167545672061242
832, READ, 8421080233847829954
833, READ, 5098066254884730148
834, READ, 1693995393998735732
835, READ, 1579233632134528342
836, READ, 784141924803633292
837, READ, 8507383258302132693
838, READ, 7099738217099623881
839, READ, 4153387984724034032
840, READ, 2750429125540792901
841, READ, 2288022315011120653
842, READ, 8511851125103558491
843, READ, 6405568040792975061
844, READ, 8859154528474724784
845, READ, 5806854937761322459
846, READ, 7008189050113913013
847, READ, 8642911275074130716
848, READ, 1096402211991364026
849, READ, 4756568954557112432
850, READ, 4887069144015544209
851, READ, 9115468725372320657
852, READ, 7330941622364460005
853, READ, 5817347222824138717
854, READ, 8415834091316421825
855, READ, 6285000175885219094
856, READ, 1226902401449795803
857, READ, 7466469639136458028
858, READ, 8401215584746478334
859, READ, 537760052456713229
860, READ, 5107998579435405958
861, READ, 5214507898285358882
862, READ, 2740496800990117091
863, READ, 7089245932036807623
864, READ, 5715865731287752039
865, READ, 3333403800978221116
866, READ, 4736362660161462247
867, READ, 6772299462829809208
868, READ, 180742639752713009
869, READ, 8874114680338966840
870, READ, 1573987489603120213
871, READ, 6068196961972484578
872, READ, 4153387984724034032
873, READ, 417192187548957262
874, READ, 4404797684384520341
875, READ, 5686287072853566492
876, READ, 4520119406760868179
877, READ, 2649725909734388554
878, READ, 3458657847905244764
879, READ, 185428821771980690
880, READ, 5113244721966814087
881, READ, 2162208307571956557
882, READ, 4655305778238567637
883, READ, 5817347222824138717
884, READ, 4153387984724034032
885, READ, 181302600264853457
886, READ, 2272843847929036714
887, READ, 4982744532508382310
888, READ, 1921072577756444623
889, READ, 2645039727715120873
890, READ, 1573987489603120213
891, READ, 4515651539959442381
892, READ, 8391501575413644407
893, READ, 7566831209648563810
894, READ, 291378180109793166
895, READ, 6988884361524701841
896, READ, 5213947937773218434
897, READ, 3227454442640408640
898, READ, 884285180097897191
899, READ, 9090357933739560908
900, READ, 648395592813793386
901, READ, 5696561042698540867
902, READ, 5817347222824138717
903, READ, 8984408575401748432
904, READ, 2061286776547710327
905, READ, 1342784084338284089
906, READ, 3932116904009873718
907, READ, 7224773948808805646
908, READ, 402791996196855654
909, READ, 6043304485557566712
910, READ, 8502137115770724564
911, READ, 5817347222824138717
912, READ, 427124512099633072
913, READ, 1573987489603120213
914, READ, 5122958731299648014
915, READ, 1935472769108546231
916, READ, 2629861260633036934
917, READ, 2880710999781382795
918, READ, 6862728708791239180
919, READ, 1478312101110282112
920, READ, 2056040634016302198
921, READ, 4635099483842917452
922, READ, 4635659444355057900
923, READ, 1222216219430528122
924, READ, 1921072577756444623
925, READ, 1111580679073447965
926, READ, 8999368727265990488
927, READ, 7682152932024911648
928, READ, 7567391170160704258
929, READ, 8415834091316421825
930, READ, 1105774576029899388
931, READ, 5228908089637460490
932, READ, 4153387984724034032
933, READ, 6862728708791239180
934, READ, 8869086853025400594
935, READ, 1573987489603120213
936, READ, 768963457721549353
937, READ, 4997922999590466249
938, READ, 7572077352179971939
939, READ, 1226902401449795803
940, READ, 7099738217099623881
941, READ, 2885957142312790924
942, READ, 161096305869203272
943, READ, 9206239616628049194
944, READ, 2876243132979956997
945, READ, 3941830913342707645
946, READ, 1583919814153796023
947, READ, 2750429125540792901
948, READ, 4736362660161462247
949, READ, 6520889763169322899
950, READ, 6038618303538299031
951, READ, 1805750855380096785
952, READ, 6862728708791239180
953, READ, 7807966939464075744
954, READ, 5118272549280380333
955, READ, 9221199768492291250
956, READ, 4288574356201733490
957, READ, 1357744236202526145
958, READ, 5942382954533320482
959, READ, 5817347222824138717
960, READ, 6862728708791239180
961, READ, 6169460138291029373
962, READ, 6535289954521424507
963, READ, 296282677346902730
964, READ, 2890643324332058605
965, READ, 7350027995735829294
966, READ, 7466127993842159463
967, READ, 885063455827879522
968, READ, 3700135223015055263
969, READ, 4534737913330811670
970, READ, 7913916297801888220
971, READ, 1829523410770733755
972, READ, 3343896086041037374
973, READ, 1704269363843710107
974, READ, 1573987489603120213
975, READ, 3237728412485383015
976, READ, 8044976447772460445
977, READ, 291596495327635049
978, READ, 5817347222824138717
979, READ, 2509293395725280967
980, READ, 8893979329440318460
981, READ, 7556898885097888000
982, READ, 2639233624671572296
983, READ, 5817347222824138717
984, READ, 4168348136588276088
985, READ, 1573987489603120213
986, READ, 2408371864701034737
987, READ, 8743272845586236498
988, READ, 6862728708791239180
989, READ, 3816016905903543549
990, READ, 5817347222824138717
991, READ, 1588605996173063704
992, READ, 3343336125528896926
993, READ, 4736362660161462247
994, READ, 1236834726000471613
995, READ, 6862728708791239180
996, READ, 171028630419879082
997, READ, 6521231408463621464
998, READ, 8642911275074130716
999, READ, 5817347222824138717
