0, UPDATE, 1241302592801897411
1, UPDATE, 3126532911616162410
2, UPDATE, 1111580679073447965
3, UPDATE, 2519225720275956777
4, READ, 4993018502353356685
5, READ, 6762585453496975281
6, READ, 3001278864689138762
7, UPDATE, 6767053320298401079
8, READ, 1222216219430528122
9, UPDATE, 4997922999590466249
10, UPDATE, 3921624618947057460
11, UPDATE, 3931898588792031835
12, READ, 7687959035068460225
13, READ, 2543558236178734195
14, READ, 3700353538232897146
15, READ, 3001278864689138762
16, UPDATE, 1573987489603120213
17, UPDATE, 2644479767202980425
18, UPDATE, 5952315279083996292
19, UPDATE, 5364654421627300396
20, UPDATE, 4408923905891647574
21, UPDATE, 4509845436915893804
22, UPDATE, 4293602183515299736
23, UPDATE, 7460881851310751334
24, READ, 5455083667588730368
25, UPDATE, 4997363039078325801
26, READ, 1950091275678489722
27, READ, 749317123838039616
28, READ, 6968678067129051656
29, UPDATE, 8411147909297154144
30, READ, 1111580679073447965
31, READ, 8753546815431210873
32, READ, 5479976144003648234
33, READ, 5585365541829320262
34, READ, 3700353538232897146
35, READ, 4414170048423055703
36, UPDATE, 1829523410770733755
37, READ, 1573987489603120213
38, UPDATE, 4188212785689627708
39, READ, 2051012806702735952
40, READ, 7475842003174993390
41, UPDATE, 5561033025926542844
42, READ, 9206239616628049194
43, READ, 2982192491317769473
44, READ, 5455083667588730368
45, READ, 6385703391691623441
46, READ, 5802168755742054778
47, READ, 7813213081995483873
48, UPDATE, 6280313993865951413
49, READ, 1805750855380096785
50, UPDATE, 6525917590482889145
51, READ, 8511851125103558491
52, READ, 9004614869797398617
53, UPDATE, 3690421213682221336
54, READ, 5214507898285358882
55, UPDATE, 7109110581138159243
56, READ, 4037506301835545746
57, READ, 5012323190942567857
58, READ, 3348582268060305055
59, READ, 2982192491317769473
60, UPDATE, 3820921403140653113
61, UPDATE, 980520529102875740
62, UPDATE, 5696779357916382750
63, READ, 6521231408463621464
64, READ, 5354162136564484138
65, UPDATE, 5937696772514052801
66, UPDATE, 8155052027617400154
67, UPDATE, 3353610095373871301
68, READ, 9110564228135211093
69, UPDATE, 5233594271656728171
70, UPDATE, 3921624618947057460
71, READ, 7460663536092909451
72, READ, 623503116398875520
73, READ, 8647597457093398397
74, READ, 6174146320310297054
75, READ, 3454531626398117531
76, UPDATE, 1573987489603120213
77, READ, 1101088394010631707
78, UPDATE, 1573987489603120213
79, READ, 532732225143146983
80, READ, 8522343410166374749
81, UPDATE, 5575651532496486335
82, READ, 412164360235391016
83, READ, 8415834091316421825
84, READ, 1588605996173063704
85, UPDATE, 1573987489603120213
86, UPDATE, 7827613273347585481
87, UPDATE, 774209600252957482
88, UPDATE, 4891195365522671442
89, READ, 6862728708791239180
90, UPDATE, 2629861260633036934
91, READ, 8396529402727210653
92, UPDATE, 6988884361524701841
93, READ, 6169460138291029373
94, UPDATE, 3338649943509629245
95, UPDATE, 4887069144015544209
96, READ, 4177720500626811450
97, READ, 7697331399106995587
98, READ, 774209600252957482
99, READ, 1468598091777448185
100, UPDATE, 8164424391655935516
101, UPDATE, 4982744532508382310
102, UPDATE, 663574059895877325
103, UPDATE, 764277275702281672
104, UPDATE, 3719999872116406883
105, READ, 8145119703066724344
106, UPDATE, 6149253843895379188
107, UPDATE, 4057152635719055483
108, UPDATE, 1573987489603120213
109, UPDATE, 7345901774228702061
110, UPDATE, 518113718573203492
111, UPDATE, 6762367138279133398
112, UPDATE, 2634547442652304615
113, UPDATE, 532732225143146983
114, READ, 2865750847917140739
115, READ, 8753546815431210873
116, READ, 5691314900167132738
117, READ, 5806854937761322459
118, UPDATE, 7325695479833051876
119, READ, 1578455356404546011
120, UPDATE, 653081774833061067
121, UPDATE, 5918050438630543064
122, READ, 1352498093671118016
123, UPDATE, 8160298170148808283
124, READ, 7923630307134722147
125, UPDATE, 2408371864701034737
126, READ, 4153387984724034032
127, READ, 6862728708791239180
128, READ, 6280313993865951413
129, UPDATE, 2166894489591224238
130, UPDATE, 4042752444366953875
131, READ, 6752093168434159023
132, UPDATE, 8511851125103558491
133, UPDATE, 181302600264853457
134, UPDATE, 9215611980666584556
135, READ, 1468598091777448185
136, UPDATE, 8396529402727210653
137, UPDATE, 9206239616628049194
138, UPDATE, 5233594271656728171
139, UPDATE, 8647597457093398397
140, UPDATE, 1941278872152094808
141, READ, 7335627804383727686
142, UPDATE, 4736362660161462247
143, READ, 5817347222824138717
144, READ, 4153387984724034032
145, READ, 9119376631661606007
146, READ, 1573987489603120213
147, UPDATE, 6048550628088974841
148, UPDATE, 774209600252957482
149, UPDATE, 528046043123879302
150, READ, 4650619596219299956
151, UPDATE, 6164213995759621244
152, UPDATE, 1689309211979468051
153, UPDATE, 7325695479833051876
154, READ, 3931338628279891387
155, READ, 5470043819452972424
156, UPDATE, 1573987489603120213
157, UPDATE, 6752093168434159023
158, UPDATE, 4997922999590466249
159, UPDATE, 5817347222824138717
160, UPDATE, 3916938436927789779
161, UPDATE, 3700135223015055263
162, UPDATE, 7707045408439829514
163, UPDATE, 8039170344728911868
164, UPDATE, 4273955849631789999
165, READ, 7466127993842159463
166, READ, 6862728708791239180
167, UPDATE, 7702359226420561833
168, READ, 2282216211967572076
169, READ, 3690421213682221336
170, UPDATE, 176616418245585776
171, READ, 1372362742772469636
172, UPDATE, 306556647191877105
173, READ, 2066532919079118456
174, READ, 7460881851310751334
175, READ, 5817347222824138717
176, READ, 1714201688394385917
177, READ, 6647045415902785560
178, READ, 4177720500626811450
179, UPDATE, 4655305778238567637
180, READ, 8536961916736318240
181, UPDATE, 6978610391679727466
182, READ, 3338649943509629245
183, READ, 2408371864701034737
184, READ, 4047438626386221556
185, UPDATE, 4997144723860483918
186, UPDATE, 4736362660161462247
187, UPDATE, 9221199768492291250
188, READ, 7123510772490260851
189, UPDATE, 1573987489603120213
190, READ, 9095604076270969037
191, UPDATE, 3719999872116406883
192, READ, 1573987489603120213
193, UPDATE, 3097514213694117311
194, READ, 6521231408463621464
195, UPDATE, 2071219101098386137
196, READ, 6415282050125808988
197, READ, 1000385178204227360
198, UPDATE, 6062950819441076449
199, UPDATE, 527827727906037419
200, READ, 1353058054183258464
201, READ, 8512069440321400374
202, READ, 4047438626386221556
203, UPDATE, 4153387984724034032
204, READ, 2649725909734388554
205, UPDATE, 2895329506351326286
206, UPDATE, 5942382954533320482
207, READ, 4153387984724034032
208, READ, 5817347222824138717
209, READ, 6862728708791239180
210, READ, 4520337721978710062
211, READ, 7094492074568215752
212, UPDATE, 4876576858952727951
213, UPDATE, 4775873643146323604
214, UPDATE, 4515651539959442381
215, UPDATE, 1931004902307120433
216, READ, 1583919814153796023
217, UPDATE, 1810437037399364466
218, READ, 2745182983009384772
219, UPDATE, 4505159254896626123
220, UPDATE, 4881823001484136080
221, UPDATE, 8747959027605504179
222, READ, 5918050438630543064
223, UPDATE, 50460765512123115
224, READ, 8396529402727210653
225, READ, 6419968232145076669
226, UPDATE, 648613908031635269
227, UPDATE, 2061505091765552210
228, UPDATE, 296064362129060847
229, UPDATE, 1835329513814282332
230, READ, 1940718911639954360
231, UPDATE, 3815675260609244984
232, UPDATE, 3820921403140653113
233, UPDATE, 2645039727715120873
234, UPDATE, 1573987489603120213
235, READ, 884285180097897191
236, READ, 8984750220696046997
237, UPDATE, 8632978950523454906
238, READ, 1573987489603120213
239, READ, 8517097267634966620
240, READ, 2277530029948304395
241, READ, 6169460138291029373
242, READ, 2171580671610491919
243, READ, 412164360235391016
244, UPDATE, 523359861104611621
245, UPDATE, 995698996184959679
246, READ, 5358848318583751819
247, UPDATE, 784141924803633292
248, READ, 6299400367237320702
249, UPDATE, 9004614869797398617
250, UPDATE, 8049662629791728126
251, READ, 3348582268060305055
252, READ, 7692645217087727906
253, UPDATE, 5817347222824138717
254, READ, 2408371864701034737
255, READ, 1367116600241061507
256, READ, 2865750847917140739
257, UPDATE, 402232035684715206
258, UPDATE, 991012814165691998
259, UPDATE, 281664170776959239
260, READ, 3826167545672061242
261, READ, 6651731597922053241
262, UPDATE, 8531155813692769663
263, UPDATE, 9090357933739560908
264, READ, 292156455839775497
265, UPDATE, 1941278872152094808
266, UPDATE, 7938808774216806086
267, READ, 6878248821167621684
268, READ, 3001497179906980645
269, UPDATE, 1573987489603120213
270, READ, 4635659444355057900
271, UPDATE, 291938140621933614
272, UPDATE, 4626287080316522538
273, READ, 5811541119780590140
274, UPDATE, 4153387984724034032
275, READ, 6646485455390645112
276, READ, 2297736324343954580
277, UPDATE, 3931556943497733270
278, READ, 8170012179481642210
279, UPDATE, 2041640442664200590
280, UPDATE, 4997144723860483918
281, UPDATE, 7219746121495239400
282, UPDATE, 4997144723860483918
283, READ, 4047438626386221556
284, UPDATE, 6858042526771971499
285, UPDATE, 1573987489603120213
286, UPDATE, 7572077352179971939
287, UPDATE, 7008189050113913013
288, READ, 5575651532496486335
289, UPDATE, 1342784084338284089
290, READ, 296842637859043178
291, UPDATE, 3358296277393138982
292, READ, 9221418083710133133
293, READ, 8854468346455457103
294, UPDATE, 4153387984724034032
295, UPDATE, 3468931817750219139
296, UPDATE, 8160298170148808283
297, UPDATE, 6858042526771971499
298, READ, 5691533215384974621
299, UPDATE, 8170230494699484093
300, UPDATE, 2982192491317769473
301, READ, 5696001082186400419
302, READ, 8989654717933156561
303, UPDATE, 2408371864701034737
304, READ, 6168900177778888925
305, READ, 4153387984724034032
306, UPDATE, 4298848326046707865
307, READ, 281664170776959239
308, UPDATE, 2991564855356304835
309, UPDATE, 1704487679061551990
310, UPDATE, 3102200395713384992
311, UPDATE, 5590611684360728391
312, UPDATE, 6647045415902785560
313, UPDATE, 8522343410166374749
314, UPDATE, 6154499986426787317
315, READ, 5701465539935650431
316, UPDATE, 8160298170148808283
317, UPDATE, 8984408575401748432
318, READ, 8517097267634966620
319, UPDATE, 5807414898273462907
320, READ, 4645591768905733710
321, READ, 7803280757444808063
322, READ, 3825389269942078911
323, READ, 1598320005505897631
324, UPDATE, 1699583181824442426
325, READ, 6873220993854055438
326, READ, 1357184275690385697
327, READ, 1583919814153796023
328, UPDATE, 5349475954545216457
329, READ, 3112132720264060802
330, READ, 8874114680338966840
331, READ, 7475842003174993390
332, UPDATE, 4298848326046707865
333, UPDATE, 5918050438630543064
334, READ, 9119376631661606007
335, READ, 879817313296471393
336, READ, 3604678149740059045
337, UPDATE, 4037506301835545746
338, UPDATE, 4982744532508382310
339, UPDATE, 4153387984724034032
340, READ, 774209600252957482
341, READ, 6862728708791239180
342, UPDATE, 2408371864701034737
343, READ, 5701807185229948996
344, UPDATE, 6285000175885219094
345, READ, 8627391162697748212
346, READ, 4168006491293977523
347, UPDATE, 990234538435709667
348, READ, 2408371864701034737
349, READ, 3715313690097139202
350, READ, 2528598084314492139
351, READ, 3016457331771222701
352, READ, 7350027995735829294
353, UPDATE, 1352498093671118016
354, READ, 6299400367237320702
355, UPDATE, 8853908385943316655
356, READ, 2166676174373382355
357, UPDATE, 8989436402715314678
358, UPDATE, 4046878665874081108
359, UPDATE, 5942382954533320482
360, UPDATE, 6887621185206157046
361, READ, 5691533215384974621
362, UPDATE, 2413276361938144301
363, READ, 1829523410770733755
364, READ, 1472505998066733535
365, READ, 281664170776959239
366, UPDATE, 6862728708791239180
367, READ, 7330941622364460005
368, UPDATE, 5942382954533320482
369, UPDATE, 4047438626386221556
370, UPDATE, 2543558236178734195
371, READ, 8044198172042478114
372, READ, 1005413005517793606
373, READ, 7566831209648563810
374, UPDATE, 5817347222824138717
375, READ, 8421080233847829954
376, READ, 6968678067129051656
377, READ, 508181394022527682
378, READ, 6415282050125808988
379, READ, 2051012806702735952
380, UPDATE, 6168900177778888925
381, READ, 7345901774228702061
382, READ, 3705381365546463392
383, READ, 3127092872128302858
384, UPDATE, 2162208307571956557
385, UPDATE, 5585583857047162145
386, READ, 4741048842180729928
387, READ, 7350806271465811625
388, READ, 6395635716242299251
389, UPDATE, 8627391162697748212
390, READ, 4288574356201733490
391, UPDATE, 2408371864701034737
392, READ, 70107099395632852
393, UPDATE, 6862728708791239180
394, READ, 3921624618947057460
395, UPDATE, 5228908089637460490
396, READ, 1568741347071712084
397, UPDATE, 8527247907403484313
398, UPDATE, 1694555354510876180
399, READ, 2408371864701034737
400, READ, 3237946727703224898
401, UPDATE, 8305758511471482116
402, READ, 8170230494699484093
403, UPDATE, 276977988757691558
404, READ, 5460111494902296614
405, READ, 5802728716254195226
406, UPDATE, 4519777761466569614
407, UPDATE, 8768165322001154364
408, UPDATE, 4389837532520278285
409, READ, 3233260545683957217
410, READ, 7807966939464075744
411, UPDATE, 5817347222824138717
412, UPDATE, 3584471855344408860
413, READ, 8421080233847829954
414, UPDATE, 6415282050125808988
415, READ, 8048884354061745795
416, READ, 2056818909746284529
417, READ, 3117720508089767496
418, UPDATE, 1116266861092715646
419, READ, 4042192483854813427
420, READ, 5580337714515754016
421, READ, 306556647191877105
422, READ, 2056600594528442646
423, READ, 1125980870425549573
424, READ, 4760913491282081548
425, READ, 7687959035068460225
426, UPDATE, 7827613273347585481
427, READ, 8853908385943316655
428, READ, 8034484162709644187
429, UPDATE, 3122406690109035177
430, UPDATE, 3449285483866709402
431, UPDATE, 1573987489603120213
432, UPDATE, 1015345330068469416
433, UPDATE, 176616418245585776
434, READ, 648395592813793386
435, READ, 7913916297801888220
436, UPDATE, 6987982755718262828
437, UPDATE, 1573987489603120213
438, READ, 4153387984724034032
439, UPDATE, 3705941326058603840
440, UPDATE, 7104424399118891562
441, READ, 8632418990011314458
442, UPDATE, 643709410794525705
443, UPDATE, 5455083667588730368
444, READ, 4153387984724034032
445, UPDATE, 759249448388715426
446, UPDATE, 2755675268072201030
447, UPDATE, 784141924803633292
448, READ, 4153387984724034032
449, UPDATE, 4409702181621629905
450, UPDATE, 8170230494699484093
451, READ, 4997922999590466249
452, UPDATE, 8049444314573886243
453, READ, 417192187548957262
454, READ, 8758232997450478554
455, UPDATE, 1693995393998735732
456, UPDATE, 3233042230466115334
457, UPDATE, 749317123838039616
458, UPDATE, 653081774833061067
459, READ, 176616418245585776
460, READ, 4765941318595647794
461, READ, 3932116904009873718
462, UPDATE, 181302600264853457
463, UPDATE, 508181394022527682
464, READ, 3358296277393138982
465, READ, 1684623029960200370
466, UPDATE, 1573987489603120213
467, READ, 2056040634016302198
468, UPDATE, 7682152932024911648
469, READ, 7466127993842159463
470, UPDATE, 5581239320322193029
471, UPDATE, 8994122584734582359
472, UPDATE, 6400663543555865497
473, UPDATE, 5802728716254195226
474, READ, 8165325997462374529
475, READ, 3821481363652793561
476, UPDATE, 4775873643146323604
477, UPDATE, 2171580671610491919
478, UPDATE, 1226902401449795803
479, READ, 3584813500638707425
480, UPDATE, 2046326624683468271
481, UPDATE, 523359861104611621
482, READ, 1824837228751466074
483, UPDATE, 3690421213682221336
484, UPDATE, 4408923905891647574
485, READ, 6501025114067971279
486, READ, 527827727906037419
487, UPDATE, 1246548735333305540
488, READ, 6998256725563237203
489, UPDATE, 8637883447760564470
490, UPDATE, 5817347222824138717
491, UPDATE, 402232035684715206
492, UPDATE, 5807414898273462907
493, READ, 1598320005505897631
494, UPDATE, 1573987489603120213
495, UPDATE, 5465015992139406178
496, UPDATE, 5711179549268484358
497, READ, 8637883447760564470
498, UPDATE, 5585925502341460710
499, READ, 1573987489603120213
500, UPDATE, 296064362129060847
501, READ, 3825389269942078911
502, READ, 4776433603658464052
503, READ, 6390949534223031570
504, READ, 5942382954533320482
505, READ, 2041640442664200590
506, UPDATE, 6862728708791239180
507, READ, 1222216219430528122
508, UPDATE, 7571517391667831491
509, UPDATE, 2288022315011120653
510, READ, 3464463950948793341
511, READ, 4876795174170569834
512, READ, 8632978950523454906
513, UPDATE, 4992458541841216237
514, READ, 7582009676730647749
515, UPDATE, 6742720804395623661
516, READ, 3936803086029141399
517, READ, 4067084960269731293
518, UPDATE, 2181854641455466294
519, READ, 7943494956236073767
520, UPDATE, 3826167545672061242
521, UPDATE, 6038618303538299031
522, UPDATE, 1468379776559606302
523, UPDATE, 4997922999590466249
524, READ, 9220639807980150802
525, READ, 5007637008923300176
526, READ, 4394523714539545966
527, UPDATE, 2770075459424302638
528, READ, 2654753737047954800
529, UPDATE, 7817680948796909671
530, READ, 6390949534223031570
531, UPDATE, 1603566148037305760
532, UPDATE, 1000726823498525925
533, READ, 5696219397404242302
534, UPDATE, 6164213995759621244
535, READ, 1921072577756444623
536, UPDATE, 4037506301835545746
537, UPDATE, 5001830905879751599
538, UPDATE, 4736362660161462247
539, READ, 1357184275690385697
540, READ, 4177720500626811450
541, UPDATE, 4067084960269731293
542, READ, 5918050438630543064
543, READ, 7591723686063481676
544, UPDATE, 3951203277381243007
545, UPDATE, 749317123838039616
546, READ, 2509293395725280967
547, UPDATE, 4419416190954463832
548, READ, 171028630419879082
549, UPDATE, 6641457628077078866
550, UPDATE, 8511851125103558491
551, UPDATE, 6058264637421808768
552, READ, 2046326624683468271
553, READ, 2051354451997034517
554, UPDATE, 1574547450115260661
555, READ, 759249448388715426
556, UPDATE, 4761255136576380113
557, UPDATE, 7340313986402995367
558, READ, 1805750855380096785
559, UPDATE, 1342784084338284089
560, READ, 8527247907403484313
561, UPDATE, 3826167545672061242
562, READ, 8276179853037296569
563, READ, 8637323487248424022
564, UPDATE, 7827613273347585481
565, UPDATE, 291378180109793166
566, UPDATE, 4505159254896626123
567, READ, 1573987489603120213
568, UPDATE, 5817347222824138717
569, READ, 5214507898285358882
570, UPDATE, 8280866035056564250
571, UPDATE, 5354162136564484138
572, UPDATE, 4997144723860483918
573, READ, 6988542716230403276
574, UPDATE, 3584813500638707425
575, UPDATE, 180742639752713009
576, READ, 1799944752336548208
577, UPDATE, 6862728708791239180
578, UPDATE, 1467819816047465854
579, UPDATE, 6983856534211135595
580, READ, 4153387984724034032
581, UPDATE, 2176826814141900048
582, READ, 6419968232145076669
583, UPDATE, 6279754033353810965
584, READ, 7003502868094645332
585, READ, 3956449419912651136
586, READ, 2408371864701034737
587, UPDATE, 5817347222824138717
588, UPDATE, 407478178216123335
589, UPDATE, 2171580671610491919
590, READ, 5570965350477218654
591, UPDATE, 2755115307560060582
592, READ, 6973924209660459785
593, UPDATE, 4188212785689627708
594, READ, 3016457331771222701
595, UPDATE, 311242829211144786
596, UPDATE, 402232035684715206
597, READ, 4515651539959442381
598, READ, 2533625911628058385
599, READ, 5335075763193114849
600, READ, 8748518988117644627
601, UPDATE, 3338649943509629245
602, UPDATE, 658887877876609644
603, UPDATE, 6756779350453426704
604, UPDATE, 6742720804395623661
605, UPDATE, 4891195365522671442
606, READ, 1709515506375118236
607, UPDATE, 1573987489603120213
608, READ, 4158634127255442161
609, UPDATE, 4524463943485837295
610, READ, 986326632146424317
611, UPDATE, 3107446538244793121
612, READ, 6299400367237320702
613, READ, 6651171637409912793
614, UPDATE, 8632637305229156341
615, UPDATE, 4302974547553835098
616, UPDATE, 3333403800978221116
617, READ, 1573987489603120213
618, UPDATE, 2172140632122632367
619, READ, 2056818909746284529
620, UPDATE, 773649639740817034
621, READ, 8411707869809294592
622, UPDATE, 6168558532484590360
623, READ, 6521231408463621464
624, READ, 3931556943497733270
625, READ, 3921624618947057460
626, UPDATE, 9206239616628049194
627, UPDATE, 1473065958578873983
628, UPDATE, 9221418083710133133
629, READ, 4635659444355057900
630, UPDATE, 7817680948796909671
631, UPDATE, 8652283639112666078
632, READ, 4887069144015544209
633, UPDATE, 2288022315011120653
634, READ, 774209600252957482
635, READ, 3464463950948793341
636, UPDATE, 3826167545672061242
637, UPDATE, 518113718573203492
638, READ, 4992458541841216237
639, UPDATE, 4997922999590466249
640, READ, 3338649943509629245
641, READ, 2639575269965870861
642, READ, 6983856534211135595
643, READ, 774209600252957482
644, READ, 6868534811834787757
645, READ, 6178832502329564735
646, READ, 3916938436927789779
647, UPDATE, 4650619596219299956
648, UPDATE, 4414170048423055703
649, READ, 3937144731323439964
650, READ, 397545853665447525
651, UPDATE, 784141924803633292
652, UPDATE, 7118824590470993170
653, READ, 9095604076270969037
654, READ, 3111914405046218919
655, UPDATE, 512867576041795363
656, UPDATE, 5103094082198296394
657, UPDATE, 8179944504032318020
658, UPDATE, 4163320309274709842
659, READ, 4153387984724034032
660, READ, 7943494956236073767
661, READ, 6862728708791239180
662, READ, 5701807185229948996
663, UPDATE, 3826167545672061242
664, UPDATE, 35282298430039176
665, READ, 1709515506375118236
666, UPDATE, 1573987489603120213
667, UPDATE, 4997144723860483918
668, READ, 8637105172030582139
669, UPDATE, 648395592813793386
670, READ, 8878800862358234521
671, READ, 70107099395632852
672, UPDATE, 6149253843895379188
673, UPDATE, 2866310808429281187
674, UPDATE, 2166676174373382355
675, READ, 8511851125103558491
676, UPDATE, 7360520280798645552
677, READ, 4872108992151302153
678, UPDATE, 7934122592197538405
679, READ, 5354162136564484138
680, UPDATE, 3810989078589977303
681, UPDATE, 4399209896558813647
682, READ, 1468598091777448185
683, READ, 417192187548957262
684, UPDATE, 744630941818771935
685, UPDATE, 7003502868094645332
686, UPDATE, 5561033025926542844
687, UPDATE, 9115250410154478774
688, READ, 2278089990460444843
689, UPDATE, 4882382961996276528
690, READ, 2277530029948304395
691, READ, 2172140632122632367
692, UPDATE, 6756779350453426704
693, UPDATE, 764277275702281672
694, READ, 8421080233847829954
695, READ, 291596495327635049
696, UPDATE, 7008189050113913013
697, READ, 292156455839775497
698, UPDATE, 5933010590494785120
699, UPDATE, 2282216211967572076
700, READ, 4993018502353356685
701, READ, 1573987489603120213
702, UPDATE, 3821263048434951678
703, READ, 774209600252957482
704, READ, 658887877876609644
705, READ, 3579785673325141179
706, UPDATE, 8270933710505888440
707, UPDATE, 1487684465148817474
708, UPDATE, 4524463943485837295
709, READ, 5817347222824138717
710, READ, 4288574356201733490
711, UPDATE, 176056457733445328
712, UPDATE, 4389837532520278285
713, UPDATE, 1583919814153796023
714, UPDATE, 4288356040983891607
715, READ, 6173586359798156606
716, UPDATE, 774209600252957482
717, READ, 5223320301811753796
718, UPDATE, 5691533215384974621
719, READ, 1829523410770733755
720, READ, 6993788858761811405
721, UPDATE, 2890643324332058605
722, UPDATE, 3941830913342707645
723, UPDATE, 2529499690120931152
724, UPDATE, 2408371864701034737
725, READ, 3956449419912651136
726, READ, 3599432007208650916
727, READ, 7948741098767481896
728, READ, 3368228601943814792
729, READ, 3464463950948793341
730, UPDATE, 4168348136588276088
731, UPDATE, 6285000175885219094
732, READ, 3343336125528896926
733, UPDATE, 417192187548957262
734, READ, 4736362660161462247
735, UPDATE, 8999368727265990488
736, UPDATE, 2755675268072201030
737, READ, 8512069440321400374
738, UPDATE, 5580337714515754016
739, READ, 3005965046708406443
740, UPDATE, 4038066262347686194
741, READ, 2890643324332058605
742, UPDATE, 8155611988129540602
743, UPDATE, 7224992264026647529
744, UPDATE, 8507383258302132693
745, UPDATE, 3826167545672061242
746, READ, 2996251037375572516
747, READ, 4278642031651057680
748, READ, 1005631320735635489
749, UPDATE, 185988782284121138
750, UPDATE, 3937144731323439964
751, READ, 1005413005517793606
752, READ, 7923848622352564030
753, UPDATE, 5711179549268484358
754, UPDATE, 1573987489603120213
755, UPDATE, 1472505998066733535
756, UPDATE, 6048550628088974841
757, READ, 7943494956236073767
758, UPDATE, 1573987489603120213
759, READ, 5692093175897115069
760, READ, 8160298170148808283
761, UPDATE, 64860956864224723
762, UPDATE, 2770075459424302638
763, READ, 7350806271465811625
764, READ, 5691314900167132738
765, UPDATE, 8762919179469746235
766, READ, 3233042230466115334
767, READ, 7330941622364460005
768, UPDATE, 8044198172042478114
769, READ, 1211723934367711864
770, READ, 4891195365522671442
771, UPDATE, 754563266369447745
772, UPDATE, 4153387984724034032
773, UPDATE, 2523911902295224458
774, READ, 8064062821143829734
775, READ, 9115250410154478774
776, READ, 3338649943509629245
777, UPDATE, 4153387984724034032
778, READ, 1125980870425549573
779, UPDATE, 4153387984724034032
780, READ, 6742720804395623661
781, UPDATE, 3826167545672061242
782, READ, 3951203277381243007
783, UPDATE, 2408371864701034737
784, UPDATE, 2533625911628058385
785, READ, 4530051731311543989
786, UPDATE, 1834769553302141884
787, READ, 35282298430039176
788, READ, 1829523410770733755
789, UPDATE, 3237168451973242567
790, UPDATE, 774209600252957482
791, UPDATE, 3237168451973242567
792, READ, 6400663543555865497
793, UPDATE, 2171580671610491919
794, READ, 2750429125540792901
795, UPDATE, 3333403800978221116
796, READ, 1573987489603120213
797, READ, 1714201688394385917
798, READ, 1573987489603120213
799, UPDATE, 4153387984724034032
800, UPDATE, 181302600264853457
801, READ, 3005965046708406443
802, READ, 5817347222824138717
803, READ, 2639233624671572296
804, READ, 2529499690120931152
805, UPDATE, 2046326624683468271
806, READ, 7928534804371831711
807, READ, 6882935003186889365
808, READ, 3936243125517000951
809, READ, 3464245635730951458
810, READ, 523359861104611621
811, UPDATE, 7566831209648563810
812, READ, 7717537693502645772
813, READ, 4153387984724034032
814, READ, 8160298170148808283
815, UPDATE, 5817347222824138717
816, READ, 6053018494890400639
817, UPDATE, 3343896086041037374
818, READ, 6048550628088974841
819, UPDATE, 2543558236178734195
820, READ, 3826167545672061242
821, READ, 5933010590494785120
822, READ, 6284440215373078646
823, UPDATE, 3710067547565731073
824, READ, 5817347222824138717
825, UPDATE, 6299400367237320702
826, UPDATE, 5817347222824138717
827, UPDATE, 5223880262323894244
828, READ, 2162208307571956557
829, UPDATE, 4302974547553835098
830, READ, 1799944752336548208
831, UPDATE, 185428821771980690
832, READ, 2755675268072201030
833, UPDATE, 7455977354073641770
834, READ, 5218634119792486115
835, READ, 8531155813692769663
836, READ, 2056258949234144081
837, READ, 6043304485557566712
838, UPDATE, 4288356040983891607
839, READ, 3454531626398117531
840, READ, 1573987489603120213
841, READ, 3453971665885977083
842, UPDATE, 3821263048434951678
843, UPDATE, 2639575269965870861
844, UPDATE, 3343117810311055043
845, READ, 3338649943509629245
846, READ, 4882382961996276528
847, UPDATE, 4992116896546917672
848, READ, 6159186168446054998
849, UPDATE, 170810315202037199
850, READ, 402791996196855654
851, UPDATE, 1955337418209897851
852, READ, 1805750855380096785
853, UPDATE, 4294162144027440184
854, READ, 5817347222824138717
855, READ, 3232700585171816769
856, UPDATE, 2519225720275956777
857, READ, 1573987489603120213
858, READ, 8989436402715314678
859, UPDATE, 7928534804371831711
860, UPDATE, 1111580679073447965
861, UPDATE, 7933562631685397957
862, UPDATE, 5912804296099134935
863, UPDATE, 4775873643146323604
864, UPDATE, 5364654421627300396
865, READ, 4741608802692870376
866, READ, 5912804296099134935
867, READ, 3358296277393138982
868, READ, 1955337418209897851
869, UPDATE, 8159738209636667835
870, UPDATE, 7923630307134722147
871, UPDATE, 8753205170136912308
872, READ, 6058824597933949216
873, UPDATE, 2156962165040548428
874, READ, 6390389573710891122
875, UPDATE, 3464245635730951458
876, READ, 6978610391679727466
877, UPDATE, 6862728708791239180
878, READ, 7094492074568215752
879, UPDATE, 6988542716230403276
880, UPDATE, 2861064665897873058
881, READ, 1468038131265307737
882, UPDATE, 3102200395713384992
883, UPDATE, 4062398778250463612
884, READ, 1588605996173063704
885, UPDATE, 8632418990011314458
886, UPDATE, 2519225720275956777
887, READ, 2770075459424302638
888, UPDATE, 5213947937773218434
889, READ, 784141924803633292
890, UPDATE, 1694555354510876180
891, UPDATE, 7939027089434647969
892, READ, 5118272549280380333
893, READ, 6505711296087238960
894, READ, 1005413005517793606
895, UPDATE, 3469150132968061022
896, READ, 7229460130828073327
897, UPDATE, 9119376631661606007
898, UPDATE, 4177720500626811450
899, READ, 5455083667588730368
900, READ, 2755675268072201030
901, READ, 7093932114056075304
902, UPDATE, 518113718573203492
903, UPDATE, 4057152635719055483
904, UPDATE, 6053018494890400639
905, READ, 60174774844957042
906, UPDATE, 5711179549268484358
907, READ, 311242829211144786
908, UPDATE, 3936803086029141399
909, READ, 6294714185218053021
910, UPDATE, 4525023903997977743
911, READ, 8421080233847829954
912, READ, 2755675268072201030
913, UPDATE, 1573987489603120213
914, READ, 2428236513802386357
915, READ, 2292708497030388334
916, UPDATE, 6168558532484590360
917, READ, 291938140621933614
918, UPDATE, 4153387984724034032
919, UPDATE, 6163872350465322679
920, UPDATE, 2895329506351326286
921, READ, 7582009676730647749
922, UPDATE, 8743832806098376946
923, READ, 2986878673337037154
924, READ, 3916938436927789779
925, READ, 176616418245585776
926, READ, 2982192491317769473
927, READ, 5214507898285358882
928, READ, 8165325997462374529
929, READ, 4756568954557112432
930, UPDATE, 5817347222824138717
931, UPDATE, 8517097267634966620
932, READ, 1829523410770733755
933, UPDATE, 4153387984724034032
934, READ, 633995401461691778
935, UPDATE, 1935472769108546231
936, UPDATE, 879817313296471393
937, UPDATE, 1573987489603120213
938, UPDATE, 1573987489603120213
939, UPDATE, 8048884354061745795
940, UPDATE, 4736362660161462247
941, READ, 2890643324332058605
942, UPDATE, 4871890676933460270
943, UPDATE, 8994122584734582359
944, UPDATE, 5701465539935650431
945, READ, 1462791988733899608
946, UPDATE, 6289686357904486775
947, UPDATE, 2890643324332058605
948, UPDATE, 1236616410782629730
949, READ, 4765941318595647794
950, UPDATE, 1573987489603120213
951, READ, 4177720500626811450
952, UPDATE, 6168558532484590360
953, READ, 5107780264217564075
954, READ, 1211723934367711864
955, READ, 8511851125103558491
956, UPDATE, 7832859415878993610
957, UPDATE, 8516755622340668055
958, UPDATE, 6274507890822402836
959, UPDATE, 774209600252957482
960, UPDATE, 8999928687778130936
961, READ, 899463647179981130
962, UPDATE, 4042192483854813427
963, UPDATE, 6280313993865951413
964, UPDATE, 4655305778238567637
965, READ, 8285552217075831931
966, UPDATE, 774209600252957482
967, READ, 7466469639136458028
968, READ, 5586143817559302593
969, UPDATE, 301870465172609424
970, UPDATE, 8421080233847829954
971, READ, 4168348136588276088
972, UPDATE, 5474730001472240105
973, READ, 8647597457093398397
974, READ, 8632418990011314458
975, READ, 5450397485569462687
976, READ, 7682152932024911648
977, UPDATE, 1694555354510876180
978, UPDATE, 4288356040983891607
979, READ, 653081774833061067
980, READ, 1372362742772469636
981, UPDATE, 754563266369447745
982, UPDATE, 291378180109793166
983, UPDATE, 7239392455378749137
984, UPDATE, 2895329506351326286
985, READ, 4153387984724034032
986, READ, 5811541119780590140
987, UPDATE, 6062950819441076449
988, UPDATE, 3584813500638707425
989, UPDATE, 4052466453699787802
990, READ, 8164984352168075964
991, READ, 3468931817750219139
992, READ, 880158958590769958
993, UPDATE, 5918050438630543064
994, READ, 1689309211979468051
995, UPDATE, 2307108688382489942
996, READ, 8618018798659212850
997, READ, 3921624618947057460
998, READ, 8502137115770724564
999, READ, 1367116600241061507
